"id","received_at","received_ts","mqtt_topic","device_id","sensor_id","value","wet","raw"
1,"2026-03-15 18:59:55.609+00","1773601195609","waterlevel/sensors/1/state","UNKNOWN_DEVICE",1,424,False,"{""ts"": 730049, ""raw"": 424, ""state"": ""DRY"", ""sensorId"": 1, ""mqtt_topic"": ""waterlevel/sensors/1/state"", ""received_ts"": 1773601195609}"
2,"2026-03-15 19:03:23.389+00","1773601403389","waterlevel/sensors/0/state","UNKNOWN_DEVICE",0,54,False,"{""ts"": 938120, ""raw"": 54, ""state"": ""DRY"", ""sensorId"": 0, ""mqtt_topic"": ""waterlevel/sensors/0/state"", ""received_ts"": 1773601403389}"
3,"2026-03-15 19:03:29.528+00","1773601409528","waterlevel/sensors/1/state","UNKNOWN_DEVICE",1,135,False,"{""ts"": 944217, ""raw"": 135, ""state"": ""DRY"", ""sensorId"": 1, ""mqtt_topic"": ""waterlevel/sensors/1/state"", ""received_ts"": 1773601409528}"
4,"2026-03-15 19:03:36.592+00","1773601416592","waterlevel/sensors/1/state","UNKNOWN_DEVICE",1,1296,True,"{""ts"": 951330, ""raw"": 1296, ""state"": ""WET"", ""sensorId"": 1, ""mqtt_topic"": ""waterlevel/sensors/1/state"", ""received_ts"": 1773601416592}"
5,"2026-03-15 19:00:48.247+00","1773601248247","waterlevel/sensors/0/state","UNKNOWN_DEVICE",0,57,False,"{""ts"": 782829, ""raw"": 57, ""state"": ""DRY"", ""sensorId"": 0, ""mqtt_topic"": ""waterlevel/sensors/0/state"", ""received_ts"": 1773601248247}"
6,"2026-03-15 19:04:19.368+00","1773601459368","waterlevel/sensors/0/state","UNKNOWN_DEVICE",0,1227,True,"{""ts"": 993981, ""raw"": 1227, ""state"": ""WET"", ""sensorId"": 0, ""mqtt_topic"": ""waterlevel/sensors/0/state"", ""received_ts"": 1773601459368}"
7,"2026-03-15 19:01:18.648+00","1773601278648","waterlevel/sensors/1/state","UNKNOWN_DEVICE",1,1218,True,"{""ts"": 813282, ""raw"": 1218, ""state"": ""WET"", ""sensorId"": 1, ""mqtt_topic"": ""waterlevel/sensors/1/state"", ""received_ts"": 1773601278648}"
8,"2026-03-15 19:01:15.578+00","1773601275578","waterlevel/sensors/0/state","UNKNOWN_DEVICE",0,1617,True,"{""ts"": 810228, ""raw"": 1617, ""state"": ""WET"", ""sensorId"": 0, ""mqtt_topic"": ""waterlevel/sensors/0/state"", ""received_ts"": 1773601275578}"
9,"2026-03-15 19:06:13.988+00","1773601573988","waterlevel/sensors/0/state","UNKNOWN_DEVICE",0,491,False,"{""ts"": 1108680, ""raw"": 491, ""state"": ""DRY"", ""sensorId"": 0, ""mqtt_topic"": ""waterlevel/sensors/0/state"", ""received_ts"": 1773601573988}"
10,"2026-03-15 19:06:54.43+00","1773601614430","waterlevel/sensors/0/state","UNKNOWN_DEVICE",0,624,True,"{""ts"": 1149281, ""raw"": 624, ""state"": ""WET"", ""sensorId"": 0, ""mqtt_topic"": ""waterlevel/sensors/0/state"", ""received_ts"": 1773601614430}"
11,"2026-03-15 19:06:56.601+00","1773601616601","waterlevel/sensors/0/state","UNKNOWN_DEVICE",0,307,False,"{""ts"": 1151321, ""raw"": 307, ""state"": ""DRY"", ""sensorId"": 0, ""mqtt_topic"": ""waterlevel/sensors/0/state"", ""received_ts"": 1773601616601}"
12,"2026-03-15 19:07:00.569+00","1773601620569","waterlevel/sensors/0/state","UNKNOWN_DEVICE",0,823,True,"{""ts"": 1155383, ""raw"": 823, ""state"": ""WET"", ""sensorId"": 0, ""mqtt_topic"": ""waterlevel/sensors/0/state"", ""received_ts"": 1773601620569}"
13,"2026-03-15 19:07:05.787+00","1773601625787","waterlevel/sensors/1/state","UNKNOWN_DEVICE",1,109,False,"{""ts"": 1160460, ""raw"": 109, ""state"": ""DRY"", ""sensorId"": 1, ""mqtt_topic"": ""waterlevel/sensors/1/state"", ""received_ts"": 1773601625787}"
14,"2026-03-15 19:07:10.709+00","1773601630709","waterlevel/sensors/1/state","UNKNOWN_DEVICE",1,1907,True,"{""ts"": 1165542, ""raw"": 1907, ""state"": ""WET"", ""sensorId"": 1, ""mqtt_topic"": ""waterlevel/sensors/1/state"", ""received_ts"": 1773601630709}"
15,"2026-03-15 19:07:11.93+00","1773601631930","waterlevel/sensors/1/state","UNKNOWN_DEVICE",1,409,False,"{""ts"": 1166561, ""raw"": 409, ""state"": ""DRY"", ""sensorId"": 1, ""mqtt_topic"": ""waterlevel/sensors/1/state"", ""received_ts"": 1773601631930}"
16,"2026-03-15 19:07:12.849+00","1773601632849","waterlevel/sensors/1/state","UNKNOWN_DEVICE",1,584,True,"{""ts"": 1167581, ""raw"": 584, ""state"": ""WET"", ""sensorId"": 1, ""mqtt_topic"": ""waterlevel/sensors/1/state"", ""received_ts"": 1773601632849}"
17,"2026-03-15 19:07:13.89+00","1773601633890","waterlevel/sensors/1/state","UNKNOWN_DEVICE",1,429,False,"{""ts"": 1168601, ""raw"": 429, ""state"": ""DRY"", ""sensorId"": 1, ""mqtt_topic"": ""waterlevel/sensors/1/state"", ""received_ts"": 1773601633890}"
18,"2026-03-15 19:07:15.23+00","1773601635230","waterlevel/sensors/1/state","UNKNOWN_DEVICE",1,552,True,"{""ts"": 1169620, ""raw"": 552, ""state"": ""WET"", ""sensorId"": 1, ""mqtt_topic"": ""waterlevel/sensors/1/state"", ""received_ts"": 1773601635230}"
19,"2026-03-15 19:07:16.849+00","1773601636849","waterlevel/sensors/1/state","UNKNOWN_DEVICE",1,102,False,"{""ts"": 1171660, ""raw"": 102, ""state"": ""DRY"", ""sensorId"": 1, ""mqtt_topic"": ""waterlevel/sensors/1/state"", ""received_ts"": 1773601636849}"
20,"2026-03-15 19:07:21.849+00","1773601641849","waterlevel/sensors/0/state","UNKNOWN_DEVICE",0,324,False,"{""ts"": 1176737, ""raw"": 324, ""state"": ""DRY"", ""sensorId"": 0, ""mqtt_topic"": ""waterlevel/sensors/0/state"", ""received_ts"": 1773601641849}"
21,"2026-03-15 19:07:27.089+00","1773601647089","waterlevel/sensors/0/state","UNKNOWN_DEVICE",0,535,True,"{""ts"": 1181821, ""raw"": 535, ""state"": ""WET"", ""sensorId"": 0, ""mqtt_topic"": ""waterlevel/sensors/0/state"", ""received_ts"": 1773601647089}"
22,"2026-03-15 19:07:29.25+00","1773601649250","waterlevel/sensors/0/state","UNKNOWN_DEVICE",0,65,False,"{""ts"": 1183855, ""raw"": 65, ""state"": ""DRY"", ""sensorId"": 0, ""mqtt_topic"": ""waterlevel/sensors/0/state"", ""received_ts"": 1773601649250}"
23,"2026-03-15 19:07:35.189+00","1773601655189","waterlevel/sensors/0/state","UNKNOWN_DEVICE",0,537,True,"{""ts"": 1189946, ""raw"": 537, ""state"": ""WET"", ""sensorId"": 0, ""mqtt_topic"": ""waterlevel/sensors/0/state"", ""received_ts"": 1773601655189}"
24,"2026-03-15 19:07:54.631+00","1773601674631","waterlevel/sensors/1/state","UNKNOWN_DEVICE",1,1099,True,"{""ts"": 1209237, ""raw"": 1099, ""state"": ""WET"", ""sensorId"": 1, ""mqtt_topic"": ""waterlevel/sensors/1/state"", ""received_ts"": 1773601674631}"
25,"2026-03-15 19:07:55.347+00","1773601675347","waterlevel/sensors/1/state","UNKNOWN_DEVICE",1,131,False,"{""ts"": 1210256, ""raw"": 131, ""state"": ""DRY"", ""sensorId"": 1, ""mqtt_topic"": ""waterlevel/sensors/1/state"", ""received_ts"": 1773601675347}"
26,"2026-03-15 19:07:58.609+00","1773601678609","waterlevel/sensors/0/state","UNKNOWN_DEVICE",0,486,False,"{""ts"": 1213310, ""raw"": 486, ""state"": ""DRY"", ""sensorId"": 0, ""mqtt_topic"": ""waterlevel/sensors/0/state"", ""received_ts"": 1773601678609}"
27,"2026-03-15 19:07:59.548+00","1773601679548","waterlevel/sensors/0/state","UNKNOWN_DEVICE",0,526,True,"{""ts"": 1214330, ""raw"": 526, ""state"": ""WET"", ""sensorId"": 0, ""mqtt_topic"": ""waterlevel/sensors/0/state"", ""received_ts"": 1773601679548}"
28,"2026-03-15 19:08:02.608+00","1773601682608","waterlevel/sensors/0/state","UNKNOWN_DEVICE",0,214,False,"{""ts"": 1217378, ""raw"": 214, ""state"": ""DRY"", ""sensorId"": 0, ""mqtt_topic"": ""waterlevel/sensors/0/state"", ""received_ts"": 1773601682608}"
29,"2026-03-15 19:08:09.707+00","1773601689707","waterlevel/sensors/0/state","UNKNOWN_DEVICE",0,542,True,"{""ts"": 1224490, ""raw"": 542, ""state"": ""WET"", ""sensorId"": 0, ""mqtt_topic"": ""waterlevel/sensors/0/state"", ""received_ts"": 1773601689707}"
30,"2026-03-15 19:08:24.84+00","1773601704840","waterlevel/sensors/0/state","UNKNOWN_DEVICE",0,678,False,"{""ts"": 1239723, ""raw"": 678, ""state"": ""DRY"", ""sensorId"": 0, ""mqtt_topic"": ""waterlevel/sensors/0/state"", ""received_ts"": 1773601704840}"
31,"2026-03-15 19:08:35.21+00","1773601715210","waterlevel/sensors/0/state","UNKNOWN_DEVICE",0,703,True,"{""ts"": 1249885, ""raw"": 703, ""state"": ""WET"", ""sensorId"": 0, ""mqtt_topic"": ""waterlevel/sensors/0/state"", ""received_ts"": 1773601715210}"
32,"2026-03-15 19:08:46.35+00","1773601726350","waterlevel/sensors/0/state","UNKNOWN_DEVICE",0,687,False,"{""ts"": 1261057, ""raw"": 687, ""state"": ""DRY"", ""sensorId"": 0, ""mqtt_topic"": ""waterlevel/sensors/0/state"", ""received_ts"": 1773601726350}"
33,"2026-03-15 19:28:04.095+00","1773602884095","waterlevel/sensors/1/state","UNKNOWN_DEVICE",1,704,True,"{""ts"": 2419053, ""raw"": 704, ""state"": ""WET"", ""sensorId"": 1, ""mqtt_topic"": ""waterlevel/sensors/1/state"", ""received_ts"": 1773602884095}"
34,"2026-03-15 19:28:08.196+00","1773602888196","waterlevel/sensors/1/state","UNKNOWN_DEVICE",1,692,False,"{""ts"": 2423121, ""raw"": 692, ""state"": ""DRY"", ""sensorId"": 1, ""mqtt_topic"": ""waterlevel/sensors/1/state"", ""received_ts"": 1773602888196}"
35,"2026-03-15 19:28:13.028+00","1773602893028","waterlevel/sensors/0/state","UNKNOWN_DEVICE",0,1004,True,"{""ts"": 2428197, ""raw"": 1004, ""state"": ""WET"", ""sensorId"": 0, ""mqtt_topic"": ""waterlevel/sensors/0/state"", ""received_ts"": 1773602893028}"
36,"2026-03-15 19:28:14.336+00","1773602894336","waterlevel/sensors/0/state","UNKNOWN_DEVICE",0,673,False,"{""ts"": 2429217, ""raw"": 673, ""state"": ""DRY"", ""sensorId"": 0, ""mqtt_topic"": ""waterlevel/sensors/0/state"", ""received_ts"": 1773602894336}"
37,"2026-03-16 08:40:34.233+00","1773650434233","waterlevel/sensors/2/state","UNKNOWN_DEVICE",2,878,True,"{""ts"": 76470, ""raw"": 878, ""state"": ""WET"", ""sensorId"": 2, ""mqtt_topic"": ""waterlevel/sensors/2/state"", ""received_ts"": 1773650434233}"
38,"2026-03-16 08:40:35.711+00","1773650435711","waterlevel/sensors/2/state","UNKNOWN_DEVICE",2,841,False,"{""ts"": 77490, ""raw"": 841, ""state"": ""DRY"", ""sensorId"": 2, ""mqtt_topic"": ""waterlevel/sensors/2/state"", ""received_ts"": 1773650435711}"
39,"2026-03-16 08:41:34.68+00","1773650494680","waterlevel/sensors/0/state","UNKNOWN_DEVICE",0,1092,True,"{""ts"": 137373, ""raw"": 1092, ""state"": ""WET"", ""sensorId"": 0, ""mqtt_topic"": ""waterlevel/sensors/0/state"", ""received_ts"": 1773650494680}"
40,"2026-03-16 08:41:36.842+00","1773650496842","waterlevel/sensors/0/state","UNKNOWN_DEVICE",0,245,False,"{""ts"": 139407, ""raw"": 245, ""state"": ""DRY"", ""sensorId"": 0, ""mqtt_topic"": ""waterlevel/sensors/0/state"", ""received_ts"": 1773650496842}"
41,"2026-03-16 09:02:44.084+00","1773651764084","waterlevel/sensors/5/state","UNKNOWN_DEVICE",5,18,True,"{""ts"": 58918, ""raw"": 18, ""state"": ""WET"", ""sensorId"": 5, ""mqtt_topic"": ""waterlevel/sensors/5/state"", ""received_ts"": 1773651764084}"
42,"2026-03-16 09:02:45.11+00","1773651765110","waterlevel/sensors/5/state","UNKNOWN_DEVICE",5,20,False,"{""ts"": 60018, ""raw"": 20, ""state"": ""DRY"", ""sensorId"": 5, ""mqtt_topic"": ""waterlevel/sensors/5/state"", ""received_ts"": 1773651765110}"
43,"2026-03-16 09:04:46.11+00","1773651886110","waterlevel/sensors/0/state","UNKNOWN_DEVICE",0,615,False,"{""ts"": 107271, ""raw"": 615, ""state"": ""DRY"", ""sensorId"": 0, ""mqtt_topic"": ""waterlevel/sensors/0/state"", ""received_ts"": 1773651886110}"
44,"2026-03-16 09:04:45.211+00","1773651885211","waterlevel/sensors/0/state","UNKNOWN_DEVICE",0,1145,True,"{""ts"": 106250, ""raw"": 1145, ""state"": ""WET"", ""sensorId"": 0, ""mqtt_topic"": ""waterlevel/sensors/0/state"", ""received_ts"": 1773651885211}"
45,"2026-03-16 09:04:47.374+00","1773651887374","waterlevel/sensors/0/state","UNKNOWN_DEVICE",0,1042,True,"{""ts"": 108291, ""raw"": 1042, ""state"": ""WET"", ""sensorId"": 0, ""mqtt_topic"": ""waterlevel/sensors/0/state"", ""received_ts"": 1773651887374}"
46,"2026-03-16 09:04:48.318+00","1773651888318","waterlevel/sensors/0/state","UNKNOWN_DEVICE",0,719,False,"{""ts"": 109317, ""raw"": 719, ""state"": ""DRY"", ""sensorId"": 0, ""mqtt_topic"": ""waterlevel/sensors/0/state"", ""received_ts"": 1773651888318}"
47,"2026-03-16 09:04:50.43+00","1773651890430","waterlevel/sensors/0/state","UNKNOWN_DEVICE",0,772,True,"{""ts"": 111351, ""raw"": 772, ""state"": ""WET"", ""sensorId"": 0, ""mqtt_topic"": ""waterlevel/sensors/0/state"", ""received_ts"": 1773651890430}"
48,"2026-03-16 09:05:06.931+00","1773651906931","waterlevel/sensors/5/state","UNKNOWN_DEVICE",5,18,True,"{""ts"": 201719, ""raw"": 18, ""state"": ""WET"", ""sensorId"": 5, ""mqtt_topic"": ""waterlevel/sensors/5/state"", ""received_ts"": 1773651906931}"
49,"2026-03-16 09:05:06.756+00","1773651906756","waterlevel/sensors/1/state","UNKNOWN_DEVICE",1,895,True,"{""ts"": 127598, ""raw"": 895, ""state"": ""WET"", ""sensorId"": 1, ""mqtt_topic"": ""waterlevel/sensors/1/state"", ""received_ts"": 1773651906756}"
50,"2026-03-16 09:05:07.942+00","1773651907942","waterlevel/sensors/5/state","UNKNOWN_DEVICE",5,19,False,"{""ts"": 202918, ""raw"": 19, ""state"": ""DRY"", ""sensorId"": 5, ""mqtt_topic"": ""waterlevel/sensors/5/state"", ""received_ts"": 1773651907942}"
51,"2026-03-16 09:05:08.499+00","1773651908499","waterlevel/sensors/5/state","UNKNOWN_DEVICE",5,18,True,"{""ts"": 203418, ""raw"": 18, ""state"": ""WET"", ""sensorId"": 5, ""mqtt_topic"": ""waterlevel/sensors/5/state"", ""received_ts"": 1773651908499}"
52,"2026-03-16 09:05:08.68+00","1773651908680","waterlevel/sensors/5/state","UNKNOWN_DEVICE",5,19,False,"{""ts"": 203819, ""raw"": 19, ""state"": ""DRY"", ""sensorId"": 5, ""mqtt_topic"": ""waterlevel/sensors/5/state"", ""received_ts"": 1773651908680}"
53,"2026-03-16 09:05:09.795+00","1773651909795","waterlevel/sensors/1/state","UNKNOWN_DEVICE",1,605,False,"{""ts"": 130652, ""raw"": 605, ""state"": ""DRY"", ""sensorId"": 1, ""mqtt_topic"": ""waterlevel/sensors/1/state"", ""received_ts"": 1773651909795}"
54,"2026-03-16 09:05:12.554+00","1773651912554","waterlevel/sensors/1/state","UNKNOWN_DEVICE",1,761,True,"{""ts"": 133702, ""raw"": 761, ""state"": ""WET"", ""sensorId"": 1, ""mqtt_topic"": ""waterlevel/sensors/1/state"", ""received_ts"": 1773651912554}"
55,"2026-03-16 09:05:16.433+00","1773651916433","waterlevel/sensors/5/state","UNKNOWN_DEVICE",5,18,True,"{""ts"": 211318, ""raw"": 18, ""state"": ""WET"", ""sensorId"": 5, ""mqtt_topic"": ""waterlevel/sensors/5/state"", ""received_ts"": 1773651916433}"
56,"2026-03-16 09:05:17.973+00","1773651917973","waterlevel/sensors/5/state","UNKNOWN_DEVICE",5,19,False,"{""ts"": 212918, ""raw"": 19, ""state"": ""DRY"", ""sensorId"": 5, ""mqtt_topic"": ""waterlevel/sensors/5/state"", ""received_ts"": 1773651917973}"
57,"2026-03-16 09:05:34.811+00","1773651934811","waterlevel/sensors/5/state","UNKNOWN_DEVICE",5,18,True,"{""ts"": 229819, ""raw"": 18, ""state"": ""WET"", ""sensorId"": 5, ""mqtt_topic"": ""waterlevel/sensors/5/state"", ""received_ts"": 1773651934811}"
58,"2026-03-16 09:05:35.219+00","1773651935219","waterlevel/sensors/5/state","UNKNOWN_DEVICE",5,19,False,"{""ts"": 230319, ""raw"": 19, ""state"": ""DRY"", ""sensorId"": 5, ""mqtt_topic"": ""waterlevel/sensors/5/state"", ""received_ts"": 1773651935219}"
59,"2026-03-16 09:05:36.616+00","1773651936616","waterlevel/sensors/5/state","UNKNOWN_DEVICE",5,19,False,"{""ts"": 231519, ""raw"": 19, ""state"": ""DRY"", ""sensorId"": 5, ""mqtt_topic"": ""waterlevel/sensors/5/state"", ""received_ts"": 1773651936616}"
60,"2026-03-16 09:05:43.58+00","1773651943580","waterlevel/sensors/5/state","UNKNOWN_DEVICE",5,18,True,"{""ts"": 238419, ""raw"": 18, ""state"": ""WET"", ""sensorId"": 5, ""mqtt_topic"": ""waterlevel/sensors/5/state"", ""received_ts"": 1773651943580}"
61,"2026-03-16 09:05:44.111+00","1773651944111","waterlevel/sensors/4/state","UNKNOWN_DEVICE",4,15,True,"{""ts"": 239118, ""raw"": 15, ""state"": ""WET"", ""sensorId"": 4, ""mqtt_topic"": ""waterlevel/sensors/4/state"", ""received_ts"": 1773651944111}"
62,"2026-03-16 09:05:46.471+00","1773651946471","waterlevel/sensors/4/state","UNKNOWN_DEVICE",4,20,False,"{""ts"": 241419, ""raw"": 20, ""state"": ""DRY"", ""sensorId"": 4, ""mqtt_topic"": ""waterlevel/sensors/4/state"", ""received_ts"": 1773651946471}"
63,"2026-03-16 09:05:46.472+00","1773651946472","waterlevel/sensors/5/state","UNKNOWN_DEVICE",5,20,False,"{""ts"": 241519, ""raw"": 20, ""state"": ""DRY"", ""sensorId"": 5, ""mqtt_topic"": ""waterlevel/sensors/5/state"", ""received_ts"": 1773651946472}"
64,"2026-03-16 09:05:49.412+00","1773651949412","waterlevel/sensors/5/state","UNKNOWN_DEVICE",5,17,True,"{""ts"": 244219, ""raw"": 17, ""state"": ""WET"", ""sensorId"": 5, ""mqtt_topic"": ""waterlevel/sensors/5/state"", ""received_ts"": 1773651949412}"
65,"2026-03-16 09:05:35.412+00","1773651935412","waterlevel/sensors/5/state","UNKNOWN_DEVICE",5,18,True,"{""ts"": 230619, ""raw"": 18, ""state"": ""WET"", ""sensorId"": 5, ""mqtt_topic"": ""waterlevel/sensors/5/state"", ""received_ts"": 1773651935412}"
66,"2026-03-16 09:05:51.391+00","1773651951391","waterlevel/sensors/5/state","UNKNOWN_DEVICE",5,19,False,"{""ts"": 246320, ""raw"": 19, ""state"": ""DRY"", ""sensorId"": 5, ""mqtt_topic"": ""waterlevel/sensors/5/state"", ""received_ts"": 1773651951391}"
67,"2026-03-16 09:05:56.292+00","1773651956292","waterlevel/sensors/5/state","UNKNOWN_DEVICE",5,18,True,"{""ts"": 251419, ""raw"": 18, ""state"": ""WET"", ""sensorId"": 5, ""mqtt_topic"": ""waterlevel/sensors/5/state"", ""received_ts"": 1773651956292}"
68,"2026-03-16 09:05:57.809+00","1773651957809","waterlevel/sensors/5/state","UNKNOWN_DEVICE",5,19,False,"{""ts"": 252718, ""raw"": 19, ""state"": ""DRY"", ""sensorId"": 5, ""mqtt_topic"": ""waterlevel/sensors/5/state"", ""received_ts"": 1773651957809}"
69,"2026-03-16 09:06:39.69+00","1773651999690","waterlevel/sensors/5/state","UNKNOWN_DEVICE",5,18,True,"{""ts"": 294618, ""raw"": 18, ""state"": ""WET"", ""sensorId"": 5, ""mqtt_topic"": ""waterlevel/sensors/5/state"", ""received_ts"": 1773651999690}"
70,"2026-03-16 09:06:45.14+00","1773652005140","waterlevel/sensors/0/state","UNKNOWN_DEVICE",0,605,False,"{""ts"": 226086, ""raw"": 605, ""state"": ""DRY"", ""sensorId"": 0, ""mqtt_topic"": ""waterlevel/sensors/0/state"", ""received_ts"": 1773652005140}"
71,"2026-03-16 09:06:40.432+00","1773652000432","waterlevel/sensors/5/state","UNKNOWN_DEVICE",5,20,False,"{""ts"": 295518, ""raw"": 20, ""state"": ""DRY"", ""sensorId"": 5, ""mqtt_topic"": ""waterlevel/sensors/5/state"", ""received_ts"": 1773652000432}"
72,"2026-03-16 09:07:03.47+00","1773652023470","waterlevel/sensors/1/state","UNKNOWN_DEVICE",1,261,False,"{""ts"": 244373, ""raw"": 261, ""state"": ""DRY"", ""sensorId"": 1, ""mqtt_topic"": ""waterlevel/sensors/1/state"", ""received_ts"": 1773652023470}"
73,"2026-03-16 09:07:05.52+00","1773652025520","waterlevel/sensors/5/state","UNKNOWN_DEVICE",5,19,False,"{""ts"": 320620, ""raw"": 19, ""state"": ""DRY"", ""sensorId"": 5, ""mqtt_topic"": ""waterlevel/sensors/5/state"", ""received_ts"": 1773652025520}"
74,"2026-03-16 09:07:04.702+00","1773652024702","waterlevel/sensors/5/state","UNKNOWN_DEVICE",5,17,True,"{""ts"": 319718, ""raw"": 17, ""state"": ""WET"", ""sensorId"": 5, ""mqtt_topic"": ""waterlevel/sensors/5/state"", ""received_ts"": 1773652024702}"
75,"2026-03-16 09:07:10.037+00","1773652030037","waterlevel/sensors/5/state","UNKNOWN_DEVICE",5,18,True,"{""ts"": 325019, ""raw"": 18, ""state"": ""WET"", ""sensorId"": 5, ""mqtt_topic"": ""waterlevel/sensors/5/state"", ""received_ts"": 1773652030037}"
76,"2026-03-16 09:07:10.845+00","1773652030845","waterlevel/sensors/5/state","UNKNOWN_DEVICE",5,19,False,"{""ts"": 326019, ""raw"": 19, ""state"": ""DRY"", ""sensorId"": 5, ""mqtt_topic"": ""waterlevel/sensors/5/state"", ""received_ts"": 1773652030845}"
77,"2026-03-16 09:07:11.241+00","1773652031241","waterlevel/sensors/5/state","UNKNOWN_DEVICE",5,18,True,"{""ts"": 326418, ""raw"": 18, ""state"": ""WET"", ""sensorId"": 5, ""mqtt_topic"": ""waterlevel/sensors/5/state"", ""received_ts"": 1773652031241}"
78,"2026-03-16 09:07:14.107+00","1773652034107","waterlevel/sensors/4/state","UNKNOWN_DEVICE",4,17,True,"{""ts"": 329219, ""raw"": 17, ""state"": ""WET"", ""sensorId"": 4, ""mqtt_topic"": ""waterlevel/sensors/4/state"", ""received_ts"": 1773652034107}"
79,"2026-03-16 09:07:14.721+00","1773652034721","waterlevel/sensors/4/state","UNKNOWN_DEVICE",4,18,False,"{""ts"": 329819, ""raw"": 18, ""state"": ""DRY"", ""sensorId"": 4, ""mqtt_topic"": ""waterlevel/sensors/4/state"", ""received_ts"": 1773652034721}"
80,"2026-03-16 09:07:19.41+00","1773652039410","waterlevel/sensors/0/state","UNKNOWN_DEVICE",0,1110,True,"{""ts"": 260626, ""raw"": 1110, ""state"": ""WET"", ""sensorId"": 0, ""mqtt_topic"": ""waterlevel/sensors/0/state"", ""received_ts"": 1773652039410}"
81,"2026-03-16 09:07:21.59+00","1773652041590","waterlevel/sensors/0/state","UNKNOWN_DEVICE",0,171,False,"{""ts"": 262661, ""raw"": 171, ""state"": ""DRY"", ""sensorId"": 0, ""mqtt_topic"": ""waterlevel/sensors/0/state"", ""received_ts"": 1773652041590}"
82,"2026-03-16 09:07:21.691+00","1773652041691","waterlevel/sensors/5/state","UNKNOWN_DEVICE",5,19,False,"{""ts"": 336919, ""raw"": 19, ""state"": ""DRY"", ""sensorId"": 5, ""mqtt_topic"": ""waterlevel/sensors/5/state"", ""received_ts"": 1773652041691}"
83,"2026-03-16 09:07:23.761+00","1773652043761","waterlevel/sensors/5/state","UNKNOWN_DEVICE",5,18,True,"{""ts"": 338818, ""raw"": 18, ""state"": ""WET"", ""sensorId"": 5, ""mqtt_topic"": ""waterlevel/sensors/5/state"", ""received_ts"": 1773652043761}"
84,"2026-03-16 09:07:27.518+00","1773652047518","waterlevel/sensors/5/state","UNKNOWN_DEVICE",5,19,False,"{""ts"": 342419, ""raw"": 19, ""state"": ""DRY"", ""sensorId"": 5, ""mqtt_topic"": ""waterlevel/sensors/5/state"", ""received_ts"": 1773652047518}"
85,"2026-03-16 09:07:30.191+00","1773652050191","waterlevel/sensors/5/state","UNKNOWN_DEVICE",5,18,True,"{""ts"": 345219, ""raw"": 18, ""state"": ""WET"", ""sensorId"": 5, ""mqtt_topic"": ""waterlevel/sensors/5/state"", ""received_ts"": 1773652050191}"
86,"2026-03-16 09:07:32.747+00","1773652052747","waterlevel/sensors/4/state","UNKNOWN_DEVICE",4,17,True,"{""ts"": 347618, ""raw"": 17, ""state"": ""WET"", ""sensorId"": 4, ""mqtt_topic"": ""waterlevel/sensors/4/state"", ""received_ts"": 1773652052747}"
87,"2026-03-16 09:07:32.86+00","1773652052860","waterlevel/sensors/4/state","UNKNOWN_DEVICE",4,18,False,"{""ts"": 348018, ""raw"": 18, ""state"": ""DRY"", ""sensorId"": 4, ""mqtt_topic"": ""waterlevel/sensors/4/state"", ""received_ts"": 1773652052860}"
88,"2026-03-16 09:07:38.28+00","1773652058280","waterlevel/sensors/5/state","UNKNOWN_DEVICE",5,18,True,"{""ts"": 351219, ""raw"": 18, ""state"": ""WET"", ""sensorId"": 5, ""mqtt_topic"": ""waterlevel/sensors/5/state"", ""received_ts"": 1773652058280}"
89,"2026-03-16 09:07:35.397+00","1773652055397","waterlevel/sensors/5/state","UNKNOWN_DEVICE",5,19,False,"{""ts"": 350419, ""raw"": 19, ""state"": ""DRY"", ""sensorId"": 5, ""mqtt_topic"": ""waterlevel/sensors/5/state"", ""received_ts"": 1773652055397}"
90,"2026-03-16 09:07:39.009+00","1773652059009","waterlevel/sensors/4/state","UNKNOWN_DEVICE",4,17,True,"{""ts"": 354118, ""raw"": 17, ""state"": ""WET"", ""sensorId"": 4, ""mqtt_topic"": ""waterlevel/sensors/4/state"", ""received_ts"": 1773652059009}"
91,"2026-03-16 09:07:39.005+00","1773652059005","waterlevel/sensors/5/state","UNKNOWN_DEVICE",5,18,True,"{""ts"": 354124, ""raw"": 18, ""state"": ""WET"", ""sensorId"": 5, ""mqtt_topic"": ""waterlevel/sensors/5/state"", ""received_ts"": 1773652059005}"
92,"2026-03-16 09:07:38.281+00","1773652058281","waterlevel/sensors/5/state","UNKNOWN_DEVICE",5,19,False,"{""ts"": 353418, ""raw"": 19, ""state"": ""DRY"", ""sensorId"": 5, ""mqtt_topic"": ""waterlevel/sensors/5/state"", ""received_ts"": 1773652058281}"
93,"2026-03-16 09:07:41.04+00","1773652061040","waterlevel/sensors/4/state","UNKNOWN_DEVICE",4,18,False,"{""ts"": 356219, ""raw"": 18, ""state"": ""DRY"", ""sensorId"": 4, ""mqtt_topic"": ""waterlevel/sensors/4/state"", ""received_ts"": 1773652061040}"
94,"2026-03-16 09:07:43.298+00","1773652063298","waterlevel/sensors/5/state","UNKNOWN_DEVICE",5,18,True,"{""ts"": 358520, ""raw"": 18, ""state"": ""WET"", ""sensorId"": 5, ""mqtt_topic"": ""waterlevel/sensors/5/state"", ""received_ts"": 1773652063298}"
95,"2026-03-16 09:07:42.675+00","1773652062675","waterlevel/sensors/5/state","UNKNOWN_DEVICE",5,19,False,"{""ts"": 357819, ""raw"": 19, ""state"": ""DRY"", ""sensorId"": 5, ""mqtt_topic"": ""waterlevel/sensors/5/state"", ""received_ts"": 1773652062675}"
96,"2026-03-16 09:07:49.798+00","1773652069798","waterlevel/sensors/5/state","UNKNOWN_DEVICE",5,19,False,"{""ts"": 364819, ""raw"": 19, ""state"": ""DRY"", ""sensorId"": 5, ""mqtt_topic"": ""waterlevel/sensors/5/state"", ""received_ts"": 1773652069798}"
97,"2026-03-16 09:07:50.797+00","1773652070797","waterlevel/sensors/5/state","UNKNOWN_DEVICE",5,18,True,"{""ts"": 365918, ""raw"": 18, ""state"": ""WET"", ""sensorId"": 5, ""mqtt_topic"": ""waterlevel/sensors/5/state"", ""received_ts"": 1773652070797}"
98,"2026-03-16 09:07:53.019+00","1773652073019","waterlevel/sensors/5/state","UNKNOWN_DEVICE",5,19,False,"{""ts"": 368219, ""raw"": 19, ""state"": ""DRY"", ""sensorId"": 5, ""mqtt_topic"": ""waterlevel/sensors/5/state"", ""received_ts"": 1773652073019}"
99,"2026-03-16 09:07:52.695+00","1773652072695","waterlevel/sensors/4/state","UNKNOWN_DEVICE",4,17,True,"{""ts"": 367719, ""raw"": 17, ""state"": ""WET"", ""sensorId"": 4, ""mqtt_topic"": ""waterlevel/sensors/4/state"", ""received_ts"": 1773652072695}"
100,"2026-03-16 09:07:55.473+00","1773652075473","waterlevel/sensors/5/state","UNKNOWN_DEVICE",5,18,True,"{""ts"": 370618, ""raw"": 18, ""state"": ""WET"", ""sensorId"": 5, ""mqtt_topic"": ""waterlevel/sensors/5/state"", ""received_ts"": 1773652075473}"
101,"2026-03-16 09:07:54.866+00","1773652074866","waterlevel/sensors/4/state","UNKNOWN_DEVICE",4,19,False,"{""ts"": 369918, ""raw"": 19, ""state"": ""DRY"", ""sensorId"": 4, ""mqtt_topic"": ""waterlevel/sensors/4/state"", ""received_ts"": 1773652074866}"
102,"2026-03-16 09:07:56.702+00","1773652076702","waterlevel/sensors/4/state","UNKNOWN_DEVICE",4,17,True,"{""ts"": 371819, ""raw"": 17, ""state"": ""WET"", ""sensorId"": 4, ""mqtt_topic"": ""waterlevel/sensors/4/state"", ""received_ts"": 1773652076702}"
103,"2026-03-16 09:07:58.357+00","1773652078357","waterlevel/sensors/5/state","UNKNOWN_DEVICE",5,18,True,"{""ts"": 373419, ""raw"": 18, ""state"": ""WET"", ""sensorId"": 5, ""mqtt_topic"": ""waterlevel/sensors/5/state"", ""received_ts"": 1773652078357}"
104,"2026-03-16 09:07:57.525+00","1773652077525","waterlevel/sensors/5/state","UNKNOWN_DEVICE",5,19,False,"{""ts"": 372724, ""raw"": 19, ""state"": ""DRY"", ""sensorId"": 5, ""mqtt_topic"": ""waterlevel/sensors/5/state"", ""received_ts"": 1773652077525}"
105,"2026-03-16 09:07:57.527+00","1773652077527","waterlevel/sensors/4/state","UNKNOWN_DEVICE",4,18,False,"{""ts"": 372719, ""raw"": 18, ""state"": ""DRY"", ""sensorId"": 4, ""mqtt_topic"": ""waterlevel/sensors/4/state"", ""received_ts"": 1773652077527}"
106,"2026-03-16 09:10:26.951+00","1773652226951","waterlevel/sensors/5/state","UNKNOWN_DEVICE",5,16,True,"{""ts"": 28169, ""raw"": 16, ""state"": ""WET"", ""sensorId"": 5, ""mqtt_topic"": ""waterlevel/sensors/5/state"", ""received_ts"": 1773652226951}"
107,"2026-03-16 09:10:27.563+00","1773652227563","waterlevel/sensors/5/state","UNKNOWN_DEVICE",5,17,False,"{""ts"": 28669, ""raw"": 17, ""state"": ""DRY"", ""sensorId"": 5, ""mqtt_topic"": ""waterlevel/sensors/5/state"", ""received_ts"": 1773652227563}"
108,"2026-03-16 09:10:37.402+00","1773652237402","waterlevel/sensors/5/state","UNKNOWN_DEVICE",5,17,False,"{""ts"": 38568, ""raw"": 17, ""state"": ""DRY"", ""sensorId"": 5, ""mqtt_topic"": ""waterlevel/sensors/5/state"", ""received_ts"": 1773652237402}"
109,"2026-03-16 09:10:36.788+00","1773652236788","waterlevel/sensors/5/state","UNKNOWN_DEVICE",5,16,True,"{""ts"": 37869, ""raw"": 16, ""state"": ""WET"", ""sensorId"": 5, ""mqtt_topic"": ""waterlevel/sensors/5/state"", ""received_ts"": 1773652236788}"
110,"2026-03-16 09:10:42.49+00","1773652242490","waterlevel/sensors/5/state","UNKNOWN_DEVICE",5,16,True,"{""ts"": 43569, ""raw"": 16, ""state"": ""WET"", ""sensorId"": 5, ""mqtt_topic"": ""waterlevel/sensors/5/state"", ""received_ts"": 1773652242490}"
111,"2026-03-16 09:10:43.736+00","1773652243736","waterlevel/sensors/5/state","UNKNOWN_DEVICE",5,18,False,"{""ts"": 44868, ""raw"": 18, ""state"": ""DRY"", ""sensorId"": 5, ""mqtt_topic"": ""waterlevel/sensors/5/state"", ""received_ts"": 1773652243736}"
112,"2026-03-16 09:11:04.01+00","1773652264010","waterlevel/sensors/4/state","UNKNOWN_DEVICE",4,14,True,"{""ts"": 65269, ""raw"": 14, ""state"": ""WET"", ""sensorId"": 4, ""mqtt_topic"": ""waterlevel/sensors/4/state"", ""received_ts"": 1773652264010}"
113,"2026-03-16 09:11:04.011+00","1773652264011","waterlevel/sensors/5/state","UNKNOWN_DEVICE",5,15,True,"{""ts"": 65168, ""raw"": 15, ""state"": ""WET"", ""sensorId"": 5, ""mqtt_topic"": ""waterlevel/sensors/5/state"", ""received_ts"": 1773652264011}"
114,"2026-03-16 09:11:08.937+00","1773652268937","waterlevel/sensors/4/state","UNKNOWN_DEVICE",4,16,False,"{""ts"": 70068, ""raw"": 16, ""state"": ""DRY"", ""sensorId"": 4, ""mqtt_topic"": ""waterlevel/sensors/4/state"", ""received_ts"": 1773652268937}"
115,"2026-03-16 09:11:09.758+00","1773652269758","waterlevel/sensors/4/state","UNKNOWN_DEVICE",4,15,True,"{""ts"": 70869, ""raw"": 15, ""state"": ""WET"", ""sensorId"": 4, ""mqtt_topic"": ""waterlevel/sensors/4/state"", ""received_ts"": 1773652269758}"
116,"2026-03-16 09:11:10.974+00","1773652270974","waterlevel/sensors/4/state","UNKNOWN_DEVICE",4,16,False,"{""ts"": 72169, ""raw"": 16, ""state"": ""DRY"", ""sensorId"": 4, ""mqtt_topic"": ""waterlevel/sensors/4/state"", ""received_ts"": 1773652270974}"
117,"2026-03-16 09:11:17.743+00","1773652277743","waterlevel/sensors/5/state","UNKNOWN_DEVICE",5,17,False,"{""ts"": 78869, ""raw"": 17, ""state"": ""DRY"", ""sensorId"": 5, ""mqtt_topic"": ""waterlevel/sensors/5/state"", ""received_ts"": 1773652277743}"
118,"2026-03-16 09:11:17.937+00","1773652277937","waterlevel/sensors/5/state","UNKNOWN_DEVICE",5,16,True,"{""ts"": 79169, ""raw"": 16, ""state"": ""WET"", ""sensorId"": 5, ""mqtt_topic"": ""waterlevel/sensors/5/state"", ""received_ts"": 1773652277937}"
119,"2026-03-16 09:11:19.573+00","1773652279573","waterlevel/sensors/5/state","UNKNOWN_DEVICE",5,17,False,"{""ts"": 80769, ""raw"": 17, ""state"": ""DRY"", ""sensorId"": 5, ""mqtt_topic"": ""waterlevel/sensors/5/state"", ""received_ts"": 1773652279573}"
120,"2026-03-16 09:11:19.797+00","1773652279797","waterlevel/sensors/5/state","UNKNOWN_DEVICE",5,16,True,"{""ts"": 81069, ""raw"": 16, ""state"": ""WET"", ""sensorId"": 5, ""mqtt_topic"": ""waterlevel/sensors/5/state"", ""received_ts"": 1773652279797}"
121,"2026-03-16 09:11:23.082+00","1773652283082","waterlevel/sensors/5/state","UNKNOWN_DEVICE",5,17,False,"{""ts"": 84268, ""raw"": 17, ""state"": ""DRY"", ""sensorId"": 5, ""mqtt_topic"": ""waterlevel/sensors/5/state"", ""received_ts"": 1773652283082}"
122,"2026-03-16 09:11:23.672+00","1773652283672","waterlevel/sensors/5/state","UNKNOWN_DEVICE",5,16,True,"{""ts"": 84768, ""raw"": 16, ""state"": ""WET"", ""sensorId"": 5, ""mqtt_topic"": ""waterlevel/sensors/5/state"", ""received_ts"": 1773652283672}"
123,"2026-03-16 09:11:23.872+00","1773652283872","waterlevel/sensors/5/state","UNKNOWN_DEVICE",5,17,False,"{""ts"": 85169, ""raw"": 17, ""state"": ""DRY"", ""sensorId"": 5, ""mqtt_topic"": ""waterlevel/sensors/5/state"", ""received_ts"": 1773652283872}"
124,"2026-03-16 09:11:25.102+00","1773652285102","waterlevel/sensors/5/state","UNKNOWN_DEVICE",5,16,True,"{""ts"": 86469, ""raw"": 16, ""state"": ""WET"", ""sensorId"": 5, ""mqtt_topic"": ""waterlevel/sensors/5/state"", ""received_ts"": 1773652285102}"
125,"2026-03-16 09:11:26.537+00","1773652286537","waterlevel/sensors/5/state","UNKNOWN_DEVICE",5,16,True,"{""ts"": 87669, ""raw"": 16, ""state"": ""WET"", ""sensorId"": 5, ""mqtt_topic"": ""waterlevel/sensors/5/state"", ""received_ts"": 1773652286537}"
126,"2026-03-16 09:11:25.752+00","1773652285752","waterlevel/sensors/5/state","UNKNOWN_DEVICE",5,17,False,"{""ts"": 86868, ""raw"": 17, ""state"": ""DRY"", ""sensorId"": 5, ""mqtt_topic"": ""waterlevel/sensors/5/state"", ""received_ts"": 1773652285752}"
127,"2026-03-16 09:11:27.986+00","1773652287986","waterlevel/sensors/5/state","UNKNOWN_DEVICE",5,17,False,"{""ts"": 89169, ""raw"": 17, ""state"": ""DRY"", ""sensorId"": 5, ""mqtt_topic"": ""waterlevel/sensors/5/state"", ""received_ts"": 1773652287986}"
128,"2026-03-16 09:12:24.807+00","1773652344807","waterlevel/sensors/4/state","UNKNOWN_DEVICE",4,13,True,"{""ts"": 146073, ""raw"": 13, ""state"": ""WET"", ""sensorId"": 4, ""mqtt_topic"": ""waterlevel/sensors/4/state"", ""received_ts"": 1773652344807}"
129,"2026-03-16 09:12:26.671+00","1773652346671","waterlevel/sensors/4/state","UNKNOWN_DEVICE",4,20,False,"{""ts"": 147870, ""raw"": 20, ""state"": ""DRY"", ""sensorId"": 4, ""mqtt_topic"": ""waterlevel/sensors/4/state"", ""received_ts"": 1773652346671}"
130,"2026-03-16 09:12:24.609+00","1773652344609","waterlevel/sensors/5/state","UNKNOWN_DEVICE",5,14,True,"{""ts"": 145869, ""raw"": 14, ""state"": ""WET"", ""sensorId"": 5, ""mqtt_topic"": ""waterlevel/sensors/5/state"", ""received_ts"": 1773652344609}"
131,"2026-03-16 09:12:26.669+00","1773652346669","waterlevel/sensors/5/state","UNKNOWN_DEVICE",5,20,False,"{""ts"": 147875, ""raw"": 20, ""state"": ""DRY"", ""sensorId"": 5, ""mqtt_topic"": ""waterlevel/sensors/5/state"", ""received_ts"": 1773652346669}"
132,"2026-03-16 09:13:16.221+00","1773652396221","waterlevel/sensors/5/state","UNKNOWN_DEVICE",5,15,True,"{""ts"": 197374, ""raw"": 15, ""state"": ""WET"", ""sensorId"": 5, ""mqtt_topic"": ""waterlevel/sensors/5/state"", ""received_ts"": 1773652396221}"
133,"2026-03-16 09:13:16.22+00","1773652396220","waterlevel/sensors/4/state","UNKNOWN_DEVICE",4,13,True,"{""ts"": 197369, ""raw"": 13, ""state"": ""WET"", ""sensorId"": 4, ""mqtt_topic"": ""waterlevel/sensors/4/state"", ""received_ts"": 1773652396220}"
134,"2026-03-16 09:13:19.962+00","1773652399962","waterlevel/sensors/5/state","UNKNOWN_DEVICE",5,18,False,"{""ts"": 201269, ""raw"": 18, ""state"": ""DRY"", ""sensorId"": 5, ""mqtt_topic"": ""waterlevel/sensors/5/state"", ""received_ts"": 1773652399962}"
135,"2026-03-16 09:13:19.962+00","1773652399962","waterlevel/sensors/4/state","UNKNOWN_DEVICE",4,19,False,"{""ts"": 201170, ""raw"": 19, ""state"": ""DRY"", ""sensorId"": 4, ""mqtt_topic"": ""waterlevel/sensors/4/state"", ""received_ts"": 1773652399962}"
136,"2026-03-16 09:13:54.92+00","1773652434920","waterlevel/sensors/5/state","UNKNOWN_DEVICE",5,15,True,"{""ts"": 236169, ""raw"": 15, ""state"": ""WET"", ""sensorId"": 5, ""mqtt_topic"": ""waterlevel/sensors/5/state"", ""received_ts"": 1773652434920}"
137,"2026-03-16 09:13:56.964+00","1773652436964","waterlevel/sensors/5/state","UNKNOWN_DEVICE",5,17,False,"{""ts"": 238268, ""raw"": 17, ""state"": ""DRY"", ""sensorId"": 5, ""mqtt_topic"": ""waterlevel/sensors/5/state"", ""received_ts"": 1773652436964}"
138,"2026-03-16 09:13:57.581+00","1773652437581","waterlevel/sensors/5/state","UNKNOWN_DEVICE",5,16,True,"{""ts"": 238769, ""raw"": 16, ""state"": ""WET"", ""sensorId"": 5, ""mqtt_topic"": ""waterlevel/sensors/5/state"", ""received_ts"": 1773652437581}"
139,"2026-03-16 09:13:56.763+00","1773652436763","waterlevel/sensors/4/state","UNKNOWN_DEVICE",4,15,True,"{""ts"": 238069, ""raw"": 15, ""state"": ""WET"", ""sensorId"": 4, ""mqtt_topic"": ""waterlevel/sensors/4/state"", ""received_ts"": 1773652436763}"
140,"2026-03-16 09:14:01.072+00","1773652441072","waterlevel/sensors/4/state","UNKNOWN_DEVICE",4,16,False,"{""ts"": 242268, ""raw"": 16, ""state"": ""DRY"", ""sensorId"": 4, ""mqtt_topic"": ""waterlevel/sensors/4/state"", ""received_ts"": 1773652441072}"
141,"2026-03-16 09:14:13.963+00","1773652453963","waterlevel/sensors/5/state","UNKNOWN_DEVICE",5,17,False,"{""ts"": 255268, ""raw"": 17, ""state"": ""DRY"", ""sensorId"": 5, ""mqtt_topic"": ""waterlevel/sensors/5/state"", ""received_ts"": 1773652453963}"
142,"2026-03-16 09:14:14.178+00","1773652454178","waterlevel/sensors/5/state","UNKNOWN_DEVICE",5,16,True,"{""ts"": 255567, ""raw"": 16, ""state"": ""WET"", ""sensorId"": 5, ""mqtt_topic"": ""waterlevel/sensors/5/state"", ""received_ts"": 1773652454178}"
143,"2026-03-16 09:14:18.571+00","1773652458571","waterlevel/sensors/4/state","UNKNOWN_DEVICE",4,15,True,"{""ts"": 259767, ""raw"": 15, ""state"": ""WET"", ""sensorId"": 4, ""mqtt_topic"": ""waterlevel/sensors/4/state"", ""received_ts"": 1773652458571}"
144,"2026-03-16 09:14:20.621+00","1773652460621","waterlevel/sensors/4/state","UNKNOWN_DEVICE",4,16,False,"{""ts"": 261867, ""raw"": 16, ""state"": ""DRY"", ""sensorId"": 4, ""mqtt_topic"": ""waterlevel/sensors/4/state"", ""received_ts"": 1773652460621}"
145,"2026-03-16 09:14:31.885+00","1773652471885","waterlevel/sensors/5/state","UNKNOWN_DEVICE",5,17,False,"{""ts"": 273067, ""raw"": 17, ""state"": ""DRY"", ""sensorId"": 5, ""mqtt_topic"": ""waterlevel/sensors/5/state"", ""received_ts"": 1773652471885}"
146,"2026-03-16 09:14:32.714+00","1773652472714","waterlevel/sensors/5/state","UNKNOWN_DEVICE",5,16,True,"{""ts"": 273868, ""raw"": 16, ""state"": ""WET"", ""sensorId"": 5, ""mqtt_topic"": ""waterlevel/sensors/5/state"", ""received_ts"": 1773652472714}"
147,"2026-03-16 09:14:36.41+00","1773652476410","waterlevel/sensors/4/state","UNKNOWN_DEVICE",4,15,True,"{""ts"": 277468, ""raw"": 15, ""state"": ""WET"", ""sensorId"": 4, ""mqtt_topic"": ""waterlevel/sensors/4/state"", ""received_ts"": 1773652476410}"
148,"2026-03-16 09:15:56.384+00","1773652556384","waterlevel/sensors/5/state","UNKNOWN_DEVICE",5,14,False,"{""ts"": 42257, ""raw"": 14, ""state"": ""DRY"", ""sensorId"": 5, ""mqtt_topic"": ""waterlevel/sensors/5/state"", ""received_ts"": 1773652556384}"
149,"2026-03-16 09:15:54.328+00","1773652554328","waterlevel/sensors/4/state","UNKNOWN_DEVICE",4,14,True,"{""ts"": 40357, ""raw"": 14, ""state"": ""WET"", ""sensorId"": 4, ""mqtt_topic"": ""waterlevel/sensors/4/state"", ""received_ts"": 1773652554328}"
150,"2026-03-16 09:15:58.218+00","1773652558218","waterlevel/sensors/4/state","UNKNOWN_DEVICE",4,15,False,"{""ts"": 44057, ""raw"": 15, ""state"": ""DRY"", ""sensorId"": 4, ""mqtt_topic"": ""waterlevel/sensors/4/state"", ""received_ts"": 1773652558218}"
151,"2026-03-16 09:15:54.326+00","1773652554326","waterlevel/sensors/5/state","UNKNOWN_DEVICE",5,13,True,"{""ts"": 40458, ""raw"": 13, ""state"": ""WET"", ""sensorId"": 5, ""mqtt_topic"": ""waterlevel/sensors/5/state"", ""received_ts"": 1773652554326}"
152,"2026-03-16 09:16:07.127+00","1773652567127","waterlevel/sensors/4/state","UNKNOWN_DEVICE",4,16,False,"{""ts"": 53057, ""raw"": 16, ""state"": ""DRY"", ""sensorId"": 4, ""mqtt_topic"": ""waterlevel/sensors/4/state"", ""received_ts"": 1773652567127}"
153,"2026-03-16 09:16:06.817+00","1773652566817","waterlevel/sensors/5/state","UNKNOWN_DEVICE",5,16,False,"{""ts"": 52757, ""raw"": 16, ""state"": ""DRY"", ""sensorId"": 5, ""mqtt_topic"": ""waterlevel/sensors/5/state"", ""received_ts"": 1773652566817}"
154,"2026-03-16 09:16:10.099+00","1773652570099","waterlevel/sensors/4/state","UNKNOWN_DEVICE",4,12,True,"{""ts"": 56057, ""raw"": 12, ""state"": ""WET"", ""sensorId"": 4, ""mqtt_topic"": ""waterlevel/sensors/4/state"", ""received_ts"": 1773652570099}"
155,"2026-03-16 09:16:10.095+00","1773652570095","waterlevel/sensors/5/state","UNKNOWN_DEVICE",5,12,True,"{""ts"": 56162, ""raw"": 12, ""state"": ""WET"", ""sensorId"": 5, ""mqtt_topic"": ""waterlevel/sensors/5/state"", ""received_ts"": 1773652570095}"
156,"2026-03-16 09:16:04.157+00","1773652564157","waterlevel/sensors/5/state","UNKNOWN_DEVICE",5,12,True,"{""ts"": 50257, ""raw"": 12, ""state"": ""WET"", ""sensorId"": 5, ""mqtt_topic"": ""waterlevel/sensors/5/state"", ""received_ts"": 1773652564157}"
157,"2026-03-16 09:16:15.038+00","1773652575038","waterlevel/sensors/4/state","UNKNOWN_DEVICE",4,15,False,"{""ts"": 61157, ""raw"": 15, ""state"": ""DRY"", ""sensorId"": 4, ""mqtt_topic"": ""waterlevel/sensors/4/state"", ""received_ts"": 1773652575038}"
158,"2026-03-16 09:16:15.039+00","1773652575039","waterlevel/sensors/5/state","UNKNOWN_DEVICE",5,15,False,"{""ts"": 60858, ""raw"": 15, ""state"": ""DRY"", ""sensorId"": 5, ""mqtt_topic"": ""waterlevel/sensors/5/state"", ""received_ts"": 1773652575039}"
159,"2026-03-16 09:16:17.887+00","1773652577887","waterlevel/sensors/4/state","UNKNOWN_DEVICE",4,14,True,"{""ts"": 63858, ""raw"": 14, ""state"": ""WET"", ""sensorId"": 4, ""mqtt_topic"": ""waterlevel/sensors/4/state"", ""received_ts"": 1773652577887}"
160,"2026-03-16 09:16:04.157+00","1773652564157","waterlevel/sensors/4/state","UNKNOWN_DEVICE",4,13,True,"{""ts"": 50058, ""raw"": 13, ""state"": ""WET"", ""sensorId"": 4, ""mqtt_topic"": ""waterlevel/sensors/4/state"", ""received_ts"": 1773652564157}"
161,"2026-03-16 09:16:20.329+00","1773652580329","waterlevel/sensors/4/state","UNKNOWN_DEVICE",4,15,False,"{""ts"": 66458, ""raw"": 15, ""state"": ""DRY"", ""sensorId"": 4, ""mqtt_topic"": ""waterlevel/sensors/4/state"", ""received_ts"": 1773652580329}"
162,"2026-03-16 09:16:35.082+00","1773652595082","waterlevel/sensors/5/state","UNKNOWN_DEVICE",5,13,True,"{""ts"": 81058, ""raw"": 13, ""state"": ""WET"", ""sensorId"": 5, ""mqtt_topic"": ""waterlevel/sensors/5/state"", ""received_ts"": 1773652595082}"
163,"2026-03-16 09:16:34.862+00","1773652594862","waterlevel/sensors/4/state","UNKNOWN_DEVICE",4,13,True,"{""ts"": 80858, ""raw"": 13, ""state"": ""WET"", ""sensorId"": 4, ""mqtt_topic"": ""waterlevel/sensors/4/state"", ""received_ts"": 1773652594862}"
164,"2026-03-16 09:16:39.789+00","1773652599789","waterlevel/sensors/5/state","UNKNOWN_DEVICE",5,14,False,"{""ts"": 85758, ""raw"": 14, ""state"": ""DRY"", ""sensorId"": 5, ""mqtt_topic"": ""waterlevel/sensors/5/state"", ""received_ts"": 1773652599789}"
165,"2026-03-16 09:16:40.201+00","1773652600201","waterlevel/sensors/4/state","UNKNOWN_DEVICE",4,15,False,"{""ts"": 86259, ""raw"": 15, ""state"": ""DRY"", ""sensorId"": 4, ""mqtt_topic"": ""waterlevel/sensors/4/state"", ""received_ts"": 1773652600201}"
166,"2026-03-16 09:17:18.911+00","1773652638911","waterlevel/sensors/5/state","UNKNOWN_DEVICE",5,12,True,"{""ts"": 124958, ""raw"": 12, ""state"": ""WET"", ""sensorId"": 5, ""mqtt_topic"": ""waterlevel/sensors/5/state"", ""received_ts"": 1773652638911}"
167,"2026-03-16 09:17:18.911+00","1773652638911","waterlevel/sensors/4/state","UNKNOWN_DEVICE",4,13,True,"{""ts"": 124758, ""raw"": 13, ""state"": ""WET"", ""sensorId"": 4, ""mqtt_topic"": ""waterlevel/sensors/4/state"", ""received_ts"": 1773652638911}"
168,"2026-03-16 09:17:23.01+00","1773652643010","waterlevel/sensors/5/state","UNKNOWN_DEVICE",5,15,False,"{""ts"": 129058, ""raw"": 15, ""state"": ""DRY"", ""sensorId"": 5, ""mqtt_topic"": ""waterlevel/sensors/5/state"", ""received_ts"": 1773652643010}"
169,"2026-03-16 09:17:23.012+00","1773652643012","waterlevel/sensors/4/state","UNKNOWN_DEVICE",4,16,False,"{""ts"": 129157, ""raw"": 16, ""state"": ""DRY"", ""sensorId"": 4, ""mqtt_topic"": ""waterlevel/sensors/4/state"", ""received_ts"": 1773652643012}"
170,"2026-03-16 09:18:59.275+00","1773652739275","waterlevel/sensors/5/state","UNKNOWN_DEVICE",5,13,True,"{""ts"": 41796, ""raw"": 13, ""state"": ""WET"", ""sensorId"": 5, ""mqtt_topic"": ""waterlevel/sensors/5/state"", ""received_ts"": 1773652739275}"
171,"2026-03-16 09:18:59.467+00","1773652739467","waterlevel/sensors/4/state","UNKNOWN_DEVICE",4,11,True,"{""ts"": 42095, ""raw"": 11, ""state"": ""WET"", ""sensorId"": 4, ""mqtt_topic"": ""waterlevel/sensors/4/state"", ""received_ts"": 1773652739467}"
172,"2026-03-16 09:19:02.737+00","1773652742737","waterlevel/sensors/5/state","UNKNOWN_DEVICE",5,16,False,"{""ts"": 45395, ""raw"": 16, ""state"": ""DRY"", ""sensorId"": 5, ""mqtt_topic"": ""waterlevel/sensors/5/state"", ""received_ts"": 1773652742737}"
173,"2026-03-16 09:19:02.739+00","1773652742739","waterlevel/sensors/4/state","UNKNOWN_DEVICE",4,16,False,"{""ts"": 45296, ""raw"": 16, ""state"": ""DRY"", ""sensorId"": 4, ""mqtt_topic"": ""waterlevel/sensors/4/state"", ""received_ts"": 1773652742739}"
174,"2026-03-16 09:19:11.346+00","1773652751346","waterlevel/sensors/5/state","UNKNOWN_DEVICE",5,13,True,"{""ts"": 53895, ""raw"": 13, ""state"": ""WET"", ""sensorId"": 5, ""mqtt_topic"": ""waterlevel/sensors/5/state"", ""received_ts"": 1773652751346}"
175,"2026-03-16 09:19:11.556+00","1773652751556","waterlevel/sensors/4/state","UNKNOWN_DEVICE",4,11,True,"{""ts"": 54195, ""raw"": 11, ""state"": ""WET"", ""sensorId"": 4, ""mqtt_topic"": ""waterlevel/sensors/4/state"", ""received_ts"": 1773652751556}"
176,"2026-03-16 09:19:14.82+00","1773652754820","waterlevel/sensors/4/state","UNKNOWN_DEVICE",4,15,False,"{""ts"": 57396, ""raw"": 15, ""state"": ""DRY"", ""sensorId"": 4, ""mqtt_topic"": ""waterlevel/sensors/4/state"", ""received_ts"": 1773652754820}"
177,"2026-03-16 09:19:15.045+00","1773652755045","waterlevel/sensors/5/state","UNKNOWN_DEVICE",5,16,False,"{""ts"": 57696, ""raw"": 16, ""state"": ""DRY"", ""sensorId"": 5, ""mqtt_topic"": ""waterlevel/sensors/5/state"", ""received_ts"": 1773652755045}"
178,"2026-03-16 09:19:28.548+00","1773652768548","waterlevel/sensors/5/state","UNKNOWN_DEVICE",5,12,True,"{""ts"": 71201, ""raw"": 12, ""state"": ""WET"", ""sensorId"": 5, ""mqtt_topic"": ""waterlevel/sensors/5/state"", ""received_ts"": 1773652768548}"
179,"2026-03-16 09:19:28.758+00","1773652768758","waterlevel/sensors/4/state","UNKNOWN_DEVICE",4,12,True,"{""ts"": 71502, ""raw"": 12, ""state"": ""WET"", ""sensorId"": 4, ""mqtt_topic"": ""waterlevel/sensors/4/state"", ""received_ts"": 1773652768758}"
180,"2026-03-16 09:19:32.849+00","1773652772849","waterlevel/sensors/4/state","UNKNOWN_DEVICE",4,15,False,"{""ts"": 75502, ""raw"": 15, ""state"": ""DRY"", ""sensorId"": 4, ""mqtt_topic"": ""waterlevel/sensors/4/state"", ""received_ts"": 1773652772849}"
181,"2026-03-16 09:19:33.057+00","1773652773057","waterlevel/sensors/5/state","UNKNOWN_DEVICE",5,16,False,"{""ts"": 75702, ""raw"": 16, ""state"": ""DRY"", ""sensorId"": 5, ""mqtt_topic"": ""waterlevel/sensors/5/state"", ""received_ts"": 1773652773057}"
182,"2026-03-16 09:19:39.885+00","1773652779885","waterlevel/sensors/2/state","UNKNOWN_DEVICE",2,43,False,"{""ts"": 1001635, ""raw"": 43, ""state"": ""DRY"", ""sensorId"": 2, ""mqtt_topic"": ""waterlevel/sensors/2/state"", ""received_ts"": 1773652779885}"
183,"2026-03-16 09:19:50.868+00","1773652790868","waterlevel/sensors/4/state","UNKNOWN_DEVICE",4,12,True,"{""ts"": 93602, ""raw"": 12, ""state"": ""WET"", ""sensorId"": 4, ""mqtt_topic"": ""waterlevel/sensors/4/state"", ""received_ts"": 1773652790868}"
184,"2026-03-16 09:19:50.869+00","1773652790869","waterlevel/sensors/5/state","UNKNOWN_DEVICE",5,13,True,"{""ts"": 93402, ""raw"": 13, ""state"": ""WET"", ""sensorId"": 5, ""mqtt_topic"": ""waterlevel/sensors/5/state"", ""received_ts"": 1773652790869}"
185,"2026-03-16 09:19:57.63+00","1773652797630","waterlevel/sensors/5/state","UNKNOWN_DEVICE",5,16,False,"{""ts"": 100402, ""raw"": 16, ""state"": ""DRY"", ""sensorId"": 5, ""mqtt_topic"": ""waterlevel/sensors/5/state"", ""received_ts"": 1773652797630}"
186,"2026-03-16 09:19:57.628+00","1773652797628","waterlevel/sensors/4/state","UNKNOWN_DEVICE",4,16,False,"{""ts"": 100202, ""raw"": 16, ""state"": ""DRY"", ""sensorId"": 4, ""mqtt_topic"": ""waterlevel/sensors/4/state"", ""received_ts"": 1773652797628}"
187,"2026-03-16 09:20:04.189+00","1773652804189","waterlevel/sensors/5/state","UNKNOWN_DEVICE",5,14,True,"{""ts"": 106902, ""raw"": 14, ""state"": ""WET"", ""sensorId"": 5, ""mqtt_topic"": ""waterlevel/sensors/5/state"", ""received_ts"": 1773652804189}"
188,"2026-03-16 09:20:04.189+00","1773652804189","waterlevel/sensors/4/state","UNKNOWN_DEVICE",4,13,True,"{""ts"": 106701, ""raw"": 13, ""state"": ""WET"", ""sensorId"": 4, ""mqtt_topic"": ""waterlevel/sensors/4/state"", ""received_ts"": 1773652804189}"
189,"2026-03-16 09:20:05.621+00","1773652805621","waterlevel/sensors/5/state","UNKNOWN_DEVICE",5,15,False,"{""ts"": 108202, ""raw"": 15, ""state"": ""DRY"", ""sensorId"": 5, ""mqtt_topic"": ""waterlevel/sensors/5/state"", ""received_ts"": 1773652805621}"
190,"2026-03-16 09:20:05.829+00","1773652805829","waterlevel/sensors/4/state","UNKNOWN_DEVICE",4,15,False,"{""ts"": 108502, ""raw"": 15, ""state"": ""DRY"", ""sensorId"": 4, ""mqtt_topic"": ""waterlevel/sensors/4/state"", ""received_ts"": 1773652805829}"
191,"2026-03-16 09:20:39.616+00","1773652839616","waterlevel/sensors/4/state","UNKNOWN_DEVICE",4,13,True,"{""ts"": 142301, ""raw"": 13, ""state"": ""WET"", ""sensorId"": 4, ""mqtt_topic"": ""waterlevel/sensors/4/state"", ""received_ts"": 1773652839616}"
192,"2026-03-16 09:20:40.838+00","1773652840838","waterlevel/sensors/5/state","UNKNOWN_DEVICE",5,15,False,"{""ts"": 143501, ""raw"": 15, ""state"": ""DRY"", ""sensorId"": 5, ""mqtt_topic"": ""waterlevel/sensors/5/state"", ""received_ts"": 1773652840838}"
193,"2026-03-16 09:20:41.049+00","1773652841049","waterlevel/sensors/4/state","UNKNOWN_DEVICE",4,15,False,"{""ts"": 143702, ""raw"": 15, ""state"": ""DRY"", ""sensorId"": 4, ""mqtt_topic"": ""waterlevel/sensors/4/state"", ""received_ts"": 1773652841049}"
194,"2026-03-16 09:20:41.248+00","1773652841248","waterlevel/sensors/5/state","UNKNOWN_DEVICE",5,14,True,"{""ts"": 143901, ""raw"": 14, ""state"": ""WET"", ""sensorId"": 5, ""mqtt_topic"": ""waterlevel/sensors/5/state"", ""received_ts"": 1773652841248}"
195,"2026-03-16 09:20:40.426+00","1773652840426","waterlevel/sensors/5/state","UNKNOWN_DEVICE",5,14,True,"{""ts"": 143101, ""raw"": 14, ""state"": ""WET"", ""sensorId"": 5, ""mqtt_topic"": ""waterlevel/sensors/5/state"", ""received_ts"": 1773652840426}"
196,"2026-03-16 09:20:41.876+00","1773652841876","waterlevel/sensors/5/state","UNKNOWN_DEVICE",5,15,False,"{""ts"": 144402, ""raw"": 15, ""state"": ""DRY"", ""sensorId"": 5, ""mqtt_topic"": ""waterlevel/sensors/5/state"", ""received_ts"": 1773652841876}"
197,"2026-03-16 09:20:42.077+00","1773652842077","waterlevel/sensors/5/state","UNKNOWN_DEVICE",5,14,True,"{""ts"": 144802, ""raw"": 14, ""state"": ""WET"", ""sensorId"": 5, ""mqtt_topic"": ""waterlevel/sensors/5/state"", ""received_ts"": 1773652842077}"
198,"2026-03-16 09:20:43.308+00","1773652843308","waterlevel/sensors/5/state","UNKNOWN_DEVICE",5,16,False,"{""ts"": 145901, ""raw"": 16, ""state"": ""DRY"", ""sensorId"": 5, ""mqtt_topic"": ""waterlevel/sensors/5/state"", ""received_ts"": 1773652843308}"
199,"2026-03-16 09:22:36.251+00","1773652956251","waterlevel/sensors/4/state","UNKNOWN_DEVICE",4,21,True,"{""ts"": 45565, ""raw"": 21, ""state"": ""WET"", ""sensorId"": 4, ""mqtt_topic"": ""waterlevel/sensors/4/state"", ""received_ts"": 1773652956251}"
200,"2026-03-16 09:22:36.456+00","1773652956456","waterlevel/sensors/5/state","UNKNOWN_DEVICE",5,21,True,"{""ts"": 45965, ""raw"": 21, ""state"": ""WET"", ""sensorId"": 5, ""mqtt_topic"": ""waterlevel/sensors/5/state"", ""received_ts"": 1773652956456}"
201,"2026-03-16 09:22:51.005+00","1773652971005","waterlevel/sensors/4/state","UNKNOWN_DEVICE",4,22,False,"{""ts"": 60464, ""raw"": 22, ""state"": ""DRY"", ""sensorId"": 4, ""mqtt_topic"": ""waterlevel/sensors/4/state"", ""received_ts"": 1773652971005}"
202,"2026-03-16 09:22:51.004+00","1773652971004","waterlevel/sensors/5/state","UNKNOWN_DEVICE",5,22,False,"{""ts"": 60265, ""raw"": 22, ""state"": ""DRY"", ""sensorId"": 5, ""mqtt_topic"": ""waterlevel/sensors/5/state"", ""received_ts"": 1773652971004}"
203,"2026-03-16 09:22:53.051+00","1773652973051","waterlevel/sensors/4/state","UNKNOWN_DEVICE",4,19,True,"{""ts"": 62365, ""raw"": 19, ""state"": ""WET"", ""sensorId"": 4, ""mqtt_topic"": ""waterlevel/sensors/4/state"", ""received_ts"": 1773652973051}"
204,"2026-03-16 09:22:53.05+00","1773652973050","waterlevel/sensors/5/state","UNKNOWN_DEVICE",5,18,True,"{""ts"": 62564, ""raw"": 18, ""state"": ""WET"", ""sensorId"": 5, ""mqtt_topic"": ""waterlevel/sensors/5/state"", ""received_ts"": 1773652973050}"
205,"2026-03-16 09:22:57.943+00","1773652977943","waterlevel/sensors/4/state","UNKNOWN_DEVICE",4,23,False,"{""ts"": 67265, ""raw"": 23, ""state"": ""DRY"", ""sensorId"": 4, ""mqtt_topic"": ""waterlevel/sensors/4/state"", ""received_ts"": 1773652977943}"
206,"2026-03-16 09:22:58.173+00","1773652978173","waterlevel/sensors/5/state","UNKNOWN_DEVICE",5,22,False,"{""ts"": 67564, ""raw"": 22, ""state"": ""DRY"", ""sensorId"": 5, ""mqtt_topic"": ""waterlevel/sensors/5/state"", ""received_ts"": 1773652978173}"
207,"2026-03-16 09:24:08.209+00","1773653048209","waterlevel/sensors/4/state","UNKNOWN_DEVICE",4,20,True,"{""ts"": 137666, ""raw"": 20, ""state"": ""WET"", ""sensorId"": 4, ""mqtt_topic"": ""waterlevel/sensors/4/state"", ""received_ts"": 1773653048209}"
208,"2026-03-16 09:24:08.412+00","1773653048412","waterlevel/sensors/5/state","UNKNOWN_DEVICE",5,19,True,"{""ts"": 137866, ""raw"": 19, ""state"": ""WET"", ""sensorId"": 5, ""mqtt_topic"": ""waterlevel/sensors/5/state"", ""received_ts"": 1773653048412}"
209,"2026-03-16 09:24:16.615+00","1773653056615","waterlevel/sensors/4/state","UNKNOWN_DEVICE",4,22,False,"{""ts"": 146066, ""raw"": 22, ""state"": ""DRY"", ""sensorId"": 4, ""mqtt_topic"": ""waterlevel/sensors/4/state"", ""received_ts"": 1773653056615}"
210,"2026-03-16 09:24:16.617+00","1773653056617","waterlevel/sensors/5/state","UNKNOWN_DEVICE",5,22,False,"{""ts"": 145965, ""raw"": 22, ""state"": ""DRY"", ""sensorId"": 5, ""mqtt_topic"": ""waterlevel/sensors/5/state"", ""received_ts"": 1773653056617}"
211,"2026-03-16 09:24:57.171+00","1773653097171","waterlevel/sensors/4/state","UNKNOWN_DEVICE",4,21,True,"{""ts"": 186565, ""raw"": 21, ""state"": ""WET"", ""sensorId"": 4, ""mqtt_topic"": ""waterlevel/sensors/4/state"", ""received_ts"": 1773653097171}"
212,"2026-03-16 09:24:57.758+00","1773653097758","waterlevel/sensors/4/state","UNKNOWN_DEVICE",4,22,False,"{""ts"": 187166, ""raw"": 22, ""state"": ""DRY"", ""sensorId"": 4, ""mqtt_topic"": ""waterlevel/sensors/4/state"", ""received_ts"": 1773653097758}"
213,"2026-03-16 09:25:00.642+00","1773653100642","waterlevel/sensors/4/state","UNKNOWN_DEVICE",4,21,True,"{""ts"": 190066, ""raw"": 21, ""state"": ""WET"", ""sensorId"": 4, ""mqtt_topic"": ""waterlevel/sensors/4/state"", ""received_ts"": 1773653100642}"
214,"2026-03-16 09:25:00.645+00","1773653100645","waterlevel/sensors/5/state","UNKNOWN_DEVICE",5,21,True,"{""ts"": 189966, ""raw"": 21, ""state"": ""WET"", ""sensorId"": 5, ""mqtt_topic"": ""waterlevel/sensors/5/state"", ""received_ts"": 1773653100645}"
215,"2026-03-16 09:25:03.504+00","1773653103504","waterlevel/sensors/5/state","UNKNOWN_DEVICE",5,22,False,"{""ts"": 192865, ""raw"": 22, ""state"": ""DRY"", ""sensorId"": 5, ""mqtt_topic"": ""waterlevel/sensors/5/state"", ""received_ts"": 1773653103504}"
216,"2026-03-16 09:25:04.326+00","1773653104326","waterlevel/sensors/5/state","UNKNOWN_DEVICE",5,21,True,"{""ts"": 193766, ""raw"": 21, ""state"": ""WET"", ""sensorId"": 5, ""mqtt_topic"": ""waterlevel/sensors/5/state"", ""received_ts"": 1773653104326}"
217,"2026-03-16 09:25:05.555+00","1773653105555","waterlevel/sensors/5/state","UNKNOWN_DEVICE",5,22,False,"{""ts"": 194967, ""raw"": 22, ""state"": ""DRY"", ""sensorId"": 5, ""mqtt_topic"": ""waterlevel/sensors/5/state"", ""received_ts"": 1773653105555}"
218,"2026-03-16 09:25:06.165+00","1773653106165","waterlevel/sensors/4/state","UNKNOWN_DEVICE",4,23,False,"{""ts"": 195567, ""raw"": 23, ""state"": ""DRY"", ""sensorId"": 4, ""mqtt_topic"": ""waterlevel/sensors/4/state"", ""received_ts"": 1773653106165}"
219,"2026-03-16 09:25:10.673+00","1773653110673","waterlevel/sensors/5/state","UNKNOWN_DEVICE",5,21,True,"{""ts"": 200067, ""raw"": 21, ""state"": ""WET"", ""sensorId"": 5, ""mqtt_topic"": ""waterlevel/sensors/5/state"", ""received_ts"": 1773653110673}"
220,"2026-03-16 09:25:11.503+00","1773653111503","waterlevel/sensors/5/state","UNKNOWN_DEVICE",5,22,False,"{""ts"": 200867, ""raw"": 22, ""state"": ""DRY"", ""sensorId"": 5, ""mqtt_topic"": ""waterlevel/sensors/5/state"", ""received_ts"": 1773653111503}"
221,"2026-03-16 09:25:12.832+00","1773653112832","waterlevel/sensors/5/state","UNKNOWN_DEVICE",5,21,True,"{""ts"": 202166, ""raw"": 21, ""state"": ""WET"", ""sensorId"": 5, ""mqtt_topic"": ""waterlevel/sensors/5/state"", ""received_ts"": 1773653112832}"
222,"2026-03-16 09:25:15.577+00","1773653115577","waterlevel/sensors/5/state","UNKNOWN_DEVICE",5,22,False,"{""ts"": 204868, ""raw"": 22, ""state"": ""DRY"", ""sensorId"": 5, ""mqtt_topic"": ""waterlevel/sensors/5/state"", ""received_ts"": 1773653115577}"
223,"2026-03-16 09:25:16.412+00","1773653116412","waterlevel/sensors/5/state","UNKNOWN_DEVICE",5,21,True,"{""ts"": 205577, ""raw"": 21, ""state"": ""WET"", ""sensorId"": 5, ""mqtt_topic"": ""waterlevel/sensors/5/state"", ""received_ts"": 1773653116412}"
224,"2026-03-16 09:25:16.414+00","1773653116414","waterlevel/sensors/5/state","UNKNOWN_DEVICE",5,22,False,"{""ts"": 205968, ""raw"": 22, ""state"": ""DRY"", ""sensorId"": 5, ""mqtt_topic"": ""waterlevel/sensors/5/state"", ""received_ts"": 1773653116414}"
225,"2026-03-16 09:25:16.414+00","1773653116414","waterlevel/sensors/4/state","UNKNOWN_DEVICE",4,21,True,"{""ts"": 205571, ""raw"": 21, ""state"": ""WET"", ""sensorId"": 4, ""mqtt_topic"": ""waterlevel/sensors/4/state"", ""received_ts"": 1773653116414}"
226,"2026-03-16 09:25:17.833+00","1773653117833","waterlevel/sensors/4/state","UNKNOWN_DEVICE",4,23,False,"{""ts"": 207368, ""raw"": 23, ""state"": ""DRY"", ""sensorId"": 4, ""mqtt_topic"": ""waterlevel/sensors/4/state"", ""received_ts"": 1773653117833}"
227,"2026-03-16 09:26:19.276+00","1773653179276","waterlevel/sensors/5/state","UNKNOWN_DEVICE",5,21,False,"{""ts"": 39871, ""raw"": 21, ""state"": ""DRY"", ""sensorId"": 5, ""mqtt_topic"": ""waterlevel/sensors/5/state"", ""received_ts"": 1773653179276}"
228,"2026-03-16 09:26:18.458+00","1773653178458","waterlevel/sensors/5/state","UNKNOWN_DEVICE",5,20,True,"{""ts"": 39072, ""raw"": 20, ""state"": ""WET"", ""sensorId"": 5, ""mqtt_topic"": ""waterlevel/sensors/5/state"", ""received_ts"": 1773653178458}"
229,"2026-03-16 09:26:22.166+00","1773653182166","waterlevel/sensors/5/state","UNKNOWN_DEVICE",5,20,True,"{""ts"": 42772, ""raw"": 20, ""state"": ""WET"", ""sensorId"": 5, ""mqtt_topic"": ""waterlevel/sensors/5/state"", ""received_ts"": 1773653182166}"
230,"2026-03-16 09:26:22.355+00","1773653182355","waterlevel/sensors/5/state","UNKNOWN_DEVICE",5,21,False,"{""ts"": 43172, ""raw"": 21, ""state"": ""DRY"", ""sensorId"": 5, ""mqtt_topic"": ""waterlevel/sensors/5/state"", ""received_ts"": 1773653182355}"
231,"2026-03-16 09:27:00.67+00","1773653220670","waterlevel/sensors/5/state","UNKNOWN_DEVICE",5,19,True,"{""ts"": 81271, ""raw"": 19, ""state"": ""WET"", ""sensorId"": 5, ""mqtt_topic"": ""waterlevel/sensors/5/state"", ""received_ts"": 1773653220670}"
232,"2026-03-16 09:27:00.67+00","1773653220670","waterlevel/sensors/4/state","UNKNOWN_DEVICE",4,18,True,"{""ts"": 81372, ""raw"": 18, ""state"": ""WET"", ""sensorId"": 4, ""mqtt_topic"": ""waterlevel/sensors/4/state"", ""received_ts"": 1773653220670}"
233,"2026-03-16 09:27:03.511+00","1773653223511","waterlevel/sensors/4/state","UNKNOWN_DEVICE",4,23,False,"{""ts"": 84271, ""raw"": 23, ""state"": ""DRY"", ""sensorId"": 4, ""mqtt_topic"": ""waterlevel/sensors/4/state"", ""received_ts"": 1773653223511}"
234,"2026-03-16 09:27:03.512+00","1773653223512","waterlevel/sensors/5/state","UNKNOWN_DEVICE",5,23,False,"{""ts"": 84371, ""raw"": 23, ""state"": ""DRY"", ""sensorId"": 5, ""mqtt_topic"": ""waterlevel/sensors/5/state"", ""received_ts"": 1773653223512}"
235,"2026-03-16 09:27:16.211+00","1773653236211","waterlevel/sensors/5/state","UNKNOWN_DEVICE",5,19,True,"{""ts"": 96971, ""raw"": 19, ""state"": ""WET"", ""sensorId"": 5, ""mqtt_topic"": ""waterlevel/sensors/5/state"", ""received_ts"": 1773653236211}"
236,"2026-03-16 09:27:16.212+00","1773653236212","waterlevel/sensors/4/state","UNKNOWN_DEVICE",4,19,True,"{""ts"": 96871, ""raw"": 19, ""state"": ""WET"", ""sensorId"": 4, ""mqtt_topic"": ""waterlevel/sensors/4/state"", ""received_ts"": 1773653236212}"
237,"2026-03-16 09:27:18.885+00","1773653238885","waterlevel/sensors/4/state","UNKNOWN_DEVICE",4,23,False,"{""ts"": 99471, ""raw"": 23, ""state"": ""DRY"", ""sensorId"": 4, ""mqtt_topic"": ""waterlevel/sensors/4/state"", ""received_ts"": 1773653238885}"
238,"2026-03-16 09:27:18.885+00","1773653238885","waterlevel/sensors/5/state","UNKNOWN_DEVICE",5,22,False,"{""ts"": 99571, ""raw"": 22, ""state"": ""DRY"", ""sensorId"": 5, ""mqtt_topic"": ""waterlevel/sensors/5/state"", ""received_ts"": 1773653238885}"
239,"2026-03-16 09:28:10.693+00","1773653290693","waterlevel/sensors/4/state","UNKNOWN_DEVICE",4,22,False,"{""ts"": 151472, ""raw"": 22, ""state"": ""DRY"", ""sensorId"": 4, ""mqtt_topic"": ""waterlevel/sensors/4/state"", ""received_ts"": 1773653290693}"
240,"2026-03-16 09:28:09.456+00","1773653289456","waterlevel/sensors/4/state","UNKNOWN_DEVICE",4,20,True,"{""ts"": 150172, ""raw"": 20, ""state"": ""WET"", ""sensorId"": 4, ""mqtt_topic"": ""waterlevel/sensors/4/state"", ""received_ts"": 1773653289456}"
241,"2026-03-16 09:28:17.865+00","1773653297865","waterlevel/sensors/5/state","UNKNOWN_DEVICE",5,20,True,"{""ts"": 158472, ""raw"": 20, ""state"": ""WET"", ""sensorId"": 5, ""mqtt_topic"": ""waterlevel/sensors/5/state"", ""received_ts"": 1773653297865}"
242,"2026-03-16 09:28:18.064+00","1773653298064","waterlevel/sensors/5/state","UNKNOWN_DEVICE",5,21,False,"{""ts"": 158972, ""raw"": 21, ""state"": ""DRY"", ""sensorId"": 5, ""mqtt_topic"": ""waterlevel/sensors/5/state"", ""received_ts"": 1773653298064}"
243,"2026-03-16 09:28:51.035+00","1773653331035","waterlevel/sensors/4/state","UNKNOWN_DEVICE",4,20,True,"{""ts"": 191671, ""raw"": 20, ""state"": ""WET"", ""sensorId"": 4, ""mqtt_topic"": ""waterlevel/sensors/4/state"", ""received_ts"": 1773653331035}"
244,"2026-03-16 09:28:51.033+00","1773653331033","waterlevel/sensors/5/state","UNKNOWN_DEVICE",5,20,True,"{""ts"": 191771, ""raw"": 20, ""state"": ""WET"", ""sensorId"": 5, ""mqtt_topic"": ""waterlevel/sensors/5/state"", ""received_ts"": 1773653331033}"
245,"2026-03-16 09:28:53.084+00","1773653333084","waterlevel/sensors/4/state","UNKNOWN_DEVICE",4,21,False,"{""ts"": 193772, ""raw"": 21, ""state"": ""DRY"", ""sensorId"": 4, ""mqtt_topic"": ""waterlevel/sensors/4/state"", ""received_ts"": 1773653333084}"
246,"2026-03-16 09:28:53.084+00","1773653333084","waterlevel/sensors/5/state","UNKNOWN_DEVICE",5,21,False,"{""ts"": 193777, ""raw"": 21, ""state"": ""DRY"", ""sensorId"": 5, ""mqtt_topic"": ""waterlevel/sensors/5/state"", ""received_ts"": 1773653333084}"
247,"2026-03-16 09:28:54.943+00","1773653334943","waterlevel/sensors/4/state","UNKNOWN_DEVICE",4,20,True,"{""ts"": 195672, ""raw"": 20, ""state"": ""WET"", ""sensorId"": 4, ""mqtt_topic"": ""waterlevel/sensors/4/state"", ""received_ts"": 1773653334943}"
248,"2026-03-16 09:28:57.193+00","1773653337193","waterlevel/sensors/4/state","UNKNOWN_DEVICE",4,22,False,"{""ts"": 197972, ""raw"": 22, ""state"": ""DRY"", ""sensorId"": 4, ""mqtt_topic"": ""waterlevel/sensors/4/state"", ""received_ts"": 1773653337193}"
249,"2026-03-16 09:28:57.393+00","1773653337393","waterlevel/sensors/5/state","UNKNOWN_DEVICE",5,22,False,"{""ts"": 198172, ""raw"": 22, ""state"": ""DRY"", ""sensorId"": 5, ""mqtt_topic"": ""waterlevel/sensors/5/state"", ""received_ts"": 1773653337393}"
250,"2026-03-16 09:28:55.341+00","1773653335341","waterlevel/sensors/5/state","UNKNOWN_DEVICE",5,20,True,"{""ts"": 196171, ""raw"": 20, ""state"": ""WET"", ""sensorId"": 5, ""mqtt_topic"": ""waterlevel/sensors/5/state"", ""received_ts"": 1773653335341}"
251,"2026-03-16 09:34:09.407+00","1773653649407","waterlevel/sensors/4/state","UNKNOWN_DEVICE",4,21,True,"{""ts"": 32286, ""raw"": 21, ""state"": ""WET"", ""sensorId"": 4, ""mqtt_topic"": ""waterlevel/sensors/4/state"", ""received_ts"": 1773653649407}"
252,"2026-03-16 09:34:10.128+00","1773653650128","waterlevel/sensors/4/state","UNKNOWN_DEVICE",4,22,False,"{""ts"": 33286, ""raw"": 22, ""state"": ""DRY"", ""sensorId"": 4, ""mqtt_topic"": ""waterlevel/sensors/4/state"", ""received_ts"": 1773653650128}"
253,"2026-03-16 09:34:10.125+00","1773653650125","waterlevel/sensors/5/state","UNKNOWN_DEVICE",5,22,False,"{""ts"": 33291, ""raw"": 22, ""state"": ""DRY"", ""sensorId"": 5, ""mqtt_topic"": ""waterlevel/sensors/5/state"", ""received_ts"": 1773653650125}"
254,"2026-03-16 09:34:09.406+00","1773653649406","waterlevel/sensors/5/state","UNKNOWN_DEVICE",5,20,True,"{""ts"": 32291, ""raw"": 20, ""state"": ""WET"", ""sensorId"": 5, ""mqtt_topic"": ""waterlevel/sensors/5/state"", ""received_ts"": 1773653649406}"
255,"2026-03-16 09:34:25.081+00","1773653665081","waterlevel/sensors/4/state","UNKNOWN_DEVICE",4,20,True,"{""ts"": 48088, ""raw"": 20, ""state"": ""WET"", ""sensorId"": 4, ""mqtt_topic"": ""waterlevel/sensors/4/state"", ""received_ts"": 1773653665081}"
256,"2026-03-16 09:34:25.081+00","1773653665081","waterlevel/sensors/5/state","UNKNOWN_DEVICE",5,19,True,"{""ts"": 48289, ""raw"": 19, ""state"": ""WET"", ""sensorId"": 5, ""mqtt_topic"": ""waterlevel/sensors/5/state"", ""received_ts"": 1773653665081}"
257,"2026-03-16 09:34:35.52+00","1773653675520","waterlevel/sensors/5/state","UNKNOWN_DEVICE",5,23,False,"{""ts"": 58688, ""raw"": 23, ""state"": ""DRY"", ""sensorId"": 5, ""mqtt_topic"": ""waterlevel/sensors/5/state"", ""received_ts"": 1773653675520}"
258,"2026-03-16 09:34:35.522+00","1773653675522","waterlevel/sensors/4/state","UNKNOWN_DEVICE",4,24,False,"{""ts"": 58788, ""raw"": 24, ""state"": ""DRY"", ""sensorId"": 4, ""mqtt_topic"": ""waterlevel/sensors/4/state"", ""received_ts"": 1773653675522}"
259,"2026-03-16 09:34:46.984+00","1773653686984","waterlevel/sensors/4/state","UNKNOWN_DEVICE",4,21,True,"{""ts"": 70088, ""raw"": 21, ""state"": ""WET"", ""sensorId"": 4, ""mqtt_topic"": ""waterlevel/sensors/4/state"", ""received_ts"": 1773653686984}"
260,"2026-03-16 09:34:50.152+00","1773653690152","waterlevel/sensors/4/state","UNKNOWN_DEVICE",4,22,False,"{""ts"": 73088, ""raw"": 22, ""state"": ""DRY"", ""sensorId"": 4, ""mqtt_topic"": ""waterlevel/sensors/4/state"", ""received_ts"": 1773653690152}"
261,"2026-03-16 09:35:22.26+00","1773653722260","waterlevel/sensors/5/state","UNKNOWN_DEVICE",5,19,True,"{""ts"": 105388, ""raw"": 19, ""state"": ""WET"", ""sensorId"": 5, ""mqtt_topic"": ""waterlevel/sensors/5/state"", ""received_ts"": 1773653722260}"
262,"2026-03-16 09:35:22.261+00","1773653722261","waterlevel/sensors/4/state","UNKNOWN_DEVICE",4,20,True,"{""ts"": 105288, ""raw"": 20, ""state"": ""WET"", ""sensorId"": 4, ""mqtt_topic"": ""waterlevel/sensors/4/state"", ""received_ts"": 1773653722261}"
263,"2026-03-16 09:35:26.291+00","1773653726291","waterlevel/sensors/4/state","UNKNOWN_DEVICE",4,24,False,"{""ts"": 109487, ""raw"": 24, ""state"": ""DRY"", ""sensorId"": 4, ""mqtt_topic"": ""waterlevel/sensors/4/state"", ""received_ts"": 1773653726291}"
264,"2026-03-16 09:35:26.29+00","1773653726290","waterlevel/sensors/5/state","UNKNOWN_DEVICE",5,24,False,"{""ts"": 109288, ""raw"": 24, ""state"": ""DRY"", ""sensorId"": 5, ""mqtt_topic"": ""waterlevel/sensors/5/state"", ""received_ts"": 1773653726290}"
265,"2026-03-16 09:36:03.6+00","1773653763600","waterlevel/sensors/4/state","UNKNOWN_DEVICE",4,21,True,"{""ts"": 146688, ""raw"": 21, ""state"": ""WET"", ""sensorId"": 4, ""mqtt_topic"": ""waterlevel/sensors/4/state"", ""received_ts"": 1773653763600}"
266,"2026-03-16 09:36:03.801+00","1773653763801","waterlevel/sensors/4/state","UNKNOWN_DEVICE",4,23,False,"{""ts"": 147088, ""raw"": 23, ""state"": ""DRY"", ""sensorId"": 4, ""mqtt_topic"": ""waterlevel/sensors/4/state"", ""received_ts"": 1773653763801}"
267,"2026-03-16 09:36:10.774+00","1773653770774","waterlevel/sensors/4/state","UNKNOWN_DEVICE",4,23,False,"{""ts"": 153787, ""raw"": 23, ""state"": ""DRY"", ""sensorId"": 4, ""mqtt_topic"": ""waterlevel/sensors/4/state"", ""received_ts"": 1773653770774}"
268,"2026-03-16 09:36:10.145+00","1773653770145","waterlevel/sensors/4/state","UNKNOWN_DEVICE",4,21,True,"{""ts"": 153287, ""raw"": 21, ""state"": ""WET"", ""sensorId"": 4, ""mqtt_topic"": ""waterlevel/sensors/4/state"", ""received_ts"": 1773653770145}"
269,"2026-03-16 09:36:21+00","1773653781000","waterlevel/sensors/4/state","UNKNOWN_DEVICE",4,22,False,"{""ts"": 164188, ""raw"": 22, ""state"": ""DRY"", ""sensorId"": 4, ""mqtt_topic"": ""waterlevel/sensors/4/state"", ""received_ts"": 1773653781000}"
270,"2026-03-16 09:36:20.18+00","1773653780180","waterlevel/sensors/4/state","UNKNOWN_DEVICE",4,21,True,"{""ts"": 163388, ""raw"": 21, ""state"": ""WET"", ""sensorId"": 4, ""mqtt_topic"": ""waterlevel/sensors/4/state"", ""received_ts"": 1773653780180}"
271,"2026-03-16 09:39:49.977+00","1773653989977","waterlevel/sensors/1/state","UNKNOWN_DEVICE",1,872,True,"{""ts"": 30903, ""raw"": 872, ""state"": ""WET"", ""sensorId"": 1, ""mqtt_topic"": ""waterlevel/sensors/1/state"", ""received_ts"": 1773653989977}"
272,"2026-03-16 09:39:50.79+00","1773653990790","waterlevel/sensors/1/state","UNKNOWN_DEVICE",1,758,False,"{""ts"": 31924, ""raw"": 758, ""state"": ""DRY"", ""sensorId"": 1, ""mqtt_topic"": ""waterlevel/sensors/1/state"", ""received_ts"": 1773653990790}"
273,"2026-03-16 09:39:52.464+00","1773653992464","waterlevel/sensors/5/state","UNKNOWN_DEVICE",5,22,True,"{""ts"": 26473, ""raw"": 22, ""state"": ""WET"", ""sensorId"": 5, ""mqtt_topic"": ""waterlevel/sensors/5/state"", ""received_ts"": 1773653992464}"
274,"2026-03-16 09:39:54.004+00","1773653994004","waterlevel/sensors/5/state","UNKNOWN_DEVICE",5,23,False,"{""ts"": 27773, ""raw"": 23, ""state"": ""DRY"", ""sensorId"": 5, ""mqtt_topic"": ""waterlevel/sensors/5/state"", ""received_ts"": 1773653994004}"
275,"2026-03-16 09:40:17.604+00","1773654017604","waterlevel/sensors/1/state","UNKNOWN_DEVICE",1,1377,True,"{""ts"": 58313, ""raw"": 1377, ""state"": ""WET"", ""sensorId"": 1, ""mqtt_topic"": ""waterlevel/sensors/1/state"", ""received_ts"": 1773654017604}"
276,"2026-03-16 09:40:18.087+00","1773654018087","waterlevel/sensors/1/state","UNKNOWN_DEVICE",1,192,False,"{""ts"": 59339, ""raw"": 192, ""state"": ""DRY"", ""sensorId"": 1, ""mqtt_topic"": ""waterlevel/sensors/1/state"", ""received_ts"": 1773654018087}"
277,"2026-03-16 09:40:21.17+00","1773654021170","waterlevel/sensors/1/state","UNKNOWN_DEVICE",1,956,True,"{""ts"": 62391, ""raw"": 956, ""state"": ""WET"", ""sensorId"": 1, ""mqtt_topic"": ""waterlevel/sensors/1/state"", ""received_ts"": 1773654021170}"
278,"2026-03-16 09:40:22.069+00","1773654022069","waterlevel/sensors/1/state","UNKNOWN_DEVICE",1,268,False,"{""ts"": 63412, ""raw"": 268, ""state"": ""DRY"", ""sensorId"": 1, ""mqtt_topic"": ""waterlevel/sensors/1/state"", ""received_ts"": 1773654022069}"
279,"2026-03-16 09:40:38.543+00","1773654038543","waterlevel/sensors/5/state","UNKNOWN_DEVICE",5,22,True,"{""ts"": 72473, ""raw"": 22, ""state"": ""WET"", ""sensorId"": 5, ""mqtt_topic"": ""waterlevel/sensors/5/state"", ""received_ts"": 1773654038543}"
280,"2026-03-16 09:40:43.46+00","1773654043460","waterlevel/sensors/5/state","UNKNOWN_DEVICE",5,22,True,"{""ts"": 77573, ""raw"": 22, ""state"": ""WET"", ""sensorId"": 5, ""mqtt_topic"": ""waterlevel/sensors/5/state"", ""received_ts"": 1773654043460}"
281,"2026-03-16 09:40:39.345+00","1773654039345","waterlevel/sensors/5/state","UNKNOWN_DEVICE",5,23,False,"{""ts"": 73373, ""raw"": 23, ""state"": ""DRY"", ""sensorId"": 5, ""mqtt_topic"": ""waterlevel/sensors/5/state"", ""received_ts"": 1773654039345}"
282,"2026-03-16 09:40:47.128+00","1773654047128","waterlevel/sensors/5/state","UNKNOWN_DEVICE",5,23,False,"{""ts"": 81273, ""raw"": 23, ""state"": ""DRY"", ""sensorId"": 5, ""mqtt_topic"": ""waterlevel/sensors/5/state"", ""received_ts"": 1773654047128}"
283,"2026-03-16 09:40:50.821+00","1773654050821","waterlevel/sensors/4/state","UNKNOWN_DEVICE",4,23,False,"{""ts"": 85073, ""raw"": 23, ""state"": ""DRY"", ""sensorId"": 4, ""mqtt_topic"": ""waterlevel/sensors/4/state"", ""received_ts"": 1773654050821}"
284,"2026-03-16 09:40:50.61+00","1773654050610","waterlevel/sensors/4/state","UNKNOWN_DEVICE",4,21,True,"{""ts"": 84573, ""raw"": 21, ""state"": ""WET"", ""sensorId"": 4, ""mqtt_topic"": ""waterlevel/sensors/4/state"", ""received_ts"": 1773654050610}"
285,"2026-03-16 09:40:59.008+00","1773654059008","waterlevel/sensors/5/state","UNKNOWN_DEVICE",5,22,True,"{""ts"": 92974, ""raw"": 22, ""state"": ""WET"", ""sensorId"": 5, ""mqtt_topic"": ""waterlevel/sensors/5/state"", ""received_ts"": 1773654059008}"
286,"2026-03-16 09:41:00.991+00","1773654060991","waterlevel/sensors/5/state","UNKNOWN_DEVICE",5,23,False,"{""ts"": 95073, ""raw"": 23, ""state"": ""DRY"", ""sensorId"": 5, ""mqtt_topic"": ""waterlevel/sensors/5/state"", ""received_ts"": 1773654060991}"
287,"2026-03-16 09:41:03.63+00","1773654063630","waterlevel/sensors/5/state","UNKNOWN_DEVICE",5,22,True,"{""ts"": 97673, ""raw"": 22, ""state"": ""WET"", ""sensorId"": 5, ""mqtt_topic"": ""waterlevel/sensors/5/state"", ""received_ts"": 1773654063630}"
288,"2026-03-16 09:41:05.049+00","1773654065049","waterlevel/sensors/5/state","UNKNOWN_DEVICE",5,23,False,"{""ts"": 99173, ""raw"": 23, ""state"": ""DRY"", ""sensorId"": 5, ""mqtt_topic"": ""waterlevel/sensors/5/state"", ""received_ts"": 1773654065049}"
289,"2026-03-16 09:41:55.542+00","1773654115542","waterlevel/sensors/5/state","UNKNOWN_DEVICE",5,22,True,"{""ts"": 149673, ""raw"": 22, ""state"": ""WET"", ""sensorId"": 5, ""mqtt_topic"": ""waterlevel/sensors/5/state"", ""received_ts"": 1773654115542}"
290,"2026-03-16 09:41:58.035+00","1773654118035","waterlevel/sensors/5/state","UNKNOWN_DEVICE",5,23,False,"{""ts"": 151773, ""raw"": 23, ""state"": ""DRY"", ""sensorId"": 5, ""mqtt_topic"": ""waterlevel/sensors/5/state"", ""received_ts"": 1773654118035}"
291,"2026-03-16 09:42:17.029+00","1773654137029","waterlevel/sensors/5/state","UNKNOWN_DEVICE",5,22,True,"{""ts"": 171273, ""raw"": 22, ""state"": ""WET"", ""sensorId"": 5, ""mqtt_topic"": ""waterlevel/sensors/5/state"", ""received_ts"": 1773654137029}"
292,"2026-03-16 09:42:18.093+00","1773654138093","waterlevel/sensors/5/state","UNKNOWN_DEVICE",5,24,False,"{""ts"": 172173, ""raw"": 24, ""state"": ""DRY"", ""sensorId"": 5, ""mqtt_topic"": ""waterlevel/sensors/5/state"", ""received_ts"": 1773654138093}"
293,"2026-03-16 09:42:25.237+00","1773654145237","waterlevel/sensors/5/state","UNKNOWN_DEVICE",5,22,True,"{""ts"": 179373, ""raw"": 22, ""state"": ""WET"", ""sensorId"": 5, ""mqtt_topic"": ""waterlevel/sensors/5/state"", ""received_ts"": 1773654145237}"
294,"2026-03-16 09:42:26.676+00","1773654146676","waterlevel/sensors/5/state","UNKNOWN_DEVICE",5,23,False,"{""ts"": 180673, ""raw"": 23, ""state"": ""DRY"", ""sensorId"": 5, ""mqtt_topic"": ""waterlevel/sensors/5/state"", ""received_ts"": 1773654146676}"
295,"2026-03-16 09:42:38.749+00","1773654158749","waterlevel/sensors/5/state","UNKNOWN_DEVICE",5,23,False,"{""ts"": 192974, ""raw"": 23, ""state"": ""DRY"", ""sensorId"": 5, ""mqtt_topic"": ""waterlevel/sensors/5/state"", ""received_ts"": 1773654158749}"
296,"2026-03-16 09:42:38.347+00","1773654158347","waterlevel/sensors/5/state","UNKNOWN_DEVICE",5,22,True,"{""ts"": 192473, ""raw"": 22, ""state"": ""WET"", ""sensorId"": 5, ""mqtt_topic"": ""waterlevel/sensors/5/state"", ""received_ts"": 1773654158347}"
297,"2026-03-16 09:42:51.529+00","1773654171529","waterlevel/sensors/4/state","UNKNOWN_DEVICE",4,20,True,"{""ts"": 205773, ""raw"": 20, ""state"": ""WET"", ""sensorId"": 4, ""mqtt_topic"": ""waterlevel/sensors/4/state"", ""received_ts"": 1773654171529}"
298,"2026-03-16 09:42:51.527+00","1773654171527","waterlevel/sensors/5/state","UNKNOWN_DEVICE",5,20,True,"{""ts"": 205673, ""raw"": 20, ""state"": ""WET"", ""sensorId"": 5, ""mqtt_topic"": ""waterlevel/sensors/5/state"", ""received_ts"": 1773654171527}"
299,"2026-03-16 09:42:52.292+00","1773654172292","waterlevel/sensors/1/state","UNKNOWN_DEVICE",1,811,True,"{""ts"": 213664, ""raw"": 811, ""state"": ""WET"", ""sensorId"": 1, ""mqtt_topic"": ""waterlevel/sensors/1/state"", ""received_ts"": 1773654172292}"
300,"2026-03-16 09:42:55.386+00","1773654175386","waterlevel/sensors/1/state","UNKNOWN_DEVICE",1,855,True,"{""ts"": 216718, ""raw"": 855, ""state"": ""WET"", ""sensorId"": 1, ""mqtt_topic"": ""waterlevel/sensors/1/state"", ""received_ts"": 1773654175386}"
301,"2026-03-16 09:42:54.572+00","1773654174572","waterlevel/sensors/1/state","UNKNOWN_DEVICE",1,551,False,"{""ts"": 215698, ""raw"": 551, ""state"": ""DRY"", ""sensorId"": 1, ""mqtt_topic"": ""waterlevel/sensors/1/state"", ""received_ts"": 1773654174572}"
302,"2026-03-16 09:43:12.731+00","1773654192731","waterlevel/sensors/5/state","UNKNOWN_DEVICE",5,23,False,"{""ts"": 227073, ""raw"": 23, ""state"": ""DRY"", ""sensorId"": 5, ""mqtt_topic"": ""waterlevel/sensors/5/state"", ""received_ts"": 1773654192731}"
303,"2026-03-16 09:43:12.137+00","1773654192137","waterlevel/sensors/4/state","UNKNOWN_DEVICE",4,22,False,"{""ts"": 226373, ""raw"": 22, ""state"": ""DRY"", ""sensorId"": 4, ""mqtt_topic"": ""waterlevel/sensors/4/state"", ""received_ts"": 1773654192137}"
304,"2026-03-16 09:43:39.806+00","1773654219806","waterlevel/sensors/4/state","UNKNOWN_DEVICE",4,21,True,"{""ts"": 252775, ""raw"": 21, ""state"": ""WET"", ""sensorId"": 4, ""mqtt_topic"": ""waterlevel/sensors/4/state"", ""received_ts"": 1773654219806}"
305,"2026-03-16 09:43:39.807+00","1773654219807","waterlevel/sensors/5/state","UNKNOWN_DEVICE",5,22,True,"{""ts"": 252374, ""raw"": 22, ""state"": ""WET"", ""sensorId"": 5, ""mqtt_topic"": ""waterlevel/sensors/5/state"", ""received_ts"": 1773654219807}"
306,"2026-03-16 09:43:48.07+00","1773654228070","waterlevel/sensors/4/state","UNKNOWN_DEVICE",4,22,False,"{""ts"": 262080, ""raw"": 22, ""state"": ""DRY"", ""sensorId"": 4, ""mqtt_topic"": ""waterlevel/sensors/4/state"", ""received_ts"": 1773654228070}"
307,"2026-03-16 09:43:48.189+00","1773654228189","waterlevel/sensors/5/state","UNKNOWN_DEVICE",5,23,False,"{""ts"": 262479, ""raw"": 23, ""state"": ""DRY"", ""sensorId"": 5, ""mqtt_topic"": ""waterlevel/sensors/5/state"", ""received_ts"": 1773654228189}"
308,"2026-03-16 09:44:00.379+00","1773654240379","waterlevel/sensors/5/state","UNKNOWN_DEVICE",5,23,False,"{""ts"": 273480, ""raw"": 23, ""state"": ""DRY"", ""sensorId"": 5, ""mqtt_topic"": ""waterlevel/sensors/5/state"", ""received_ts"": 1773654240379}"
309,"2026-03-16 09:44:03.641+00","1773654243641","waterlevel/sensors/5/state","UNKNOWN_DEVICE",5,23,False,"{""ts"": 277879, ""raw"": 23, ""state"": ""DRY"", ""sensorId"": 5, ""mqtt_topic"": ""waterlevel/sensors/5/state"", ""received_ts"": 1773654243641}"
310,"2026-03-16 09:44:00.378+00","1773654240378","waterlevel/sensors/5/state","UNKNOWN_DEVICE",5,22,True,"{""ts"": 272879, ""raw"": 22, ""state"": ""WET"", ""sensorId"": 5, ""mqtt_topic"": ""waterlevel/sensors/5/state"", ""received_ts"": 1773654240378}"
311,"2026-03-16 09:44:04.459+00","1773654244459","waterlevel/sensors/5/state","UNKNOWN_DEVICE",5,22,True,"{""ts"": 278780, ""raw"": 22, ""state"": ""WET"", ""sensorId"": 5, ""mqtt_topic"": ""waterlevel/sensors/5/state"", ""received_ts"": 1773654244459}"
312,"2026-03-16 09:44:05.1+00","1773654245100","waterlevel/sensors/5/state","UNKNOWN_DEVICE",5,23,False,"{""ts"": 279380, ""raw"": 23, ""state"": ""DRY"", ""sensorId"": 5, ""mqtt_topic"": ""waterlevel/sensors/5/state"", ""received_ts"": 1773654245100}"
313,"2026-03-16 09:44:03.049+00","1773654243049","waterlevel/sensors/5/state","UNKNOWN_DEVICE",5,22,True,"{""ts"": 277280, ""raw"": 22, ""state"": ""WET"", ""sensorId"": 5, ""mqtt_topic"": ""waterlevel/sensors/5/state"", ""received_ts"": 1773654243049}"
314,"2026-03-16 09:44:46.857+00","1773654286857","waterlevel/sensors/5/state","UNKNOWN_DEVICE",5,21,True,"{""ts"": 321280, ""raw"": 21, ""state"": ""WET"", ""sensorId"": 5, ""mqtt_topic"": ""waterlevel/sensors/5/state"", ""received_ts"": 1773654286857}"
315,"2026-03-16 09:44:47.104+00","1773654287104","waterlevel/sensors/4/state","UNKNOWN_DEVICE",4,21,True,"{""ts"": 321480, ""raw"": 21, ""state"": ""WET"", ""sensorId"": 4, ""mqtt_topic"": ""waterlevel/sensors/4/state"", ""received_ts"": 1773654287104}"
316,"2026-03-16 09:44:49.006+00","1773654289006","waterlevel/sensors/5/state","UNKNOWN_DEVICE",5,24,False,"{""ts"": 323480, ""raw"": 24, ""state"": ""DRY"", ""sensorId"": 5, ""mqtt_topic"": ""waterlevel/sensors/5/state"", ""received_ts"": 1773654289006}"
317,"2026-03-16 09:44:49.007+00","1773654289007","waterlevel/sensors/4/state","UNKNOWN_DEVICE",4,24,False,"{""ts"": 323281, ""raw"": 24, ""state"": ""DRY"", ""sensorId"": 4, ""mqtt_topic"": ""waterlevel/sensors/4/state"", ""received_ts"": 1773654289007}"
318,"2026-03-16 09:45:34.856+00","1773654334856","waterlevel/sensors/5/state","UNKNOWN_DEVICE",5,22,True,"{""ts"": 369079, ""raw"": 22, ""state"": ""WET"", ""sensorId"": 5, ""mqtt_topic"": ""waterlevel/sensors/5/state"", ""received_ts"": 1773654334856}"
319,"2026-03-16 09:46:11.485+00","1773654371485","waterlevel/sensors/1/state","UNKNOWN_DEVICE",1,1178,True,"{""ts"": 167582, ""raw"": 1178, ""state"": ""WET"", ""sensorId"": 1, ""mqtt_topic"": ""waterlevel/sensors/1/state"", ""received_ts"": 1773654371485}"
320,"2026-03-16 09:46:12.492+00","1773654372492","waterlevel/sensors/1/state","UNKNOWN_DEVICE",1,780,False,"{""ts"": 168602, ""raw"": 780, ""state"": ""DRY"", ""sensorId"": 1, ""mqtt_topic"": ""waterlevel/sensors/1/state"", ""received_ts"": 1773654372492}"
321,"2026-03-16 09:46:13.713+00","1773654373713","waterlevel/sensors/1/state","UNKNOWN_DEVICE",1,1824,True,"{""ts"": 169628, ""raw"": 1824, ""state"": ""WET"", ""sensorId"": 1, ""mqtt_topic"": ""waterlevel/sensors/1/state"", ""received_ts"": 1773654373713}"
322,"2026-03-16 09:46:16.505+00","1773654376505","waterlevel/sensors/1/state","UNKNOWN_DEVICE",1,668,False,"{""ts"": 172676, ""raw"": 668, ""state"": ""DRY"", ""sensorId"": 1, ""mqtt_topic"": ""waterlevel/sensors/1/state"", ""received_ts"": 1773654376505}"
323,"2026-03-16 09:46:52.431+00","1773654412431","waterlevel/sensors/5/state","UNKNOWN_DEVICE",5,19,True,"{""ts"": 55172, ""raw"": 19, ""state"": ""WET"", ""sensorId"": 5, ""mqtt_topic"": ""waterlevel/sensors/5/state"", ""received_ts"": 1773654412431}"
324,"2026-03-16 09:46:52.43+00","1773654412430","waterlevel/sensors/4/state","UNKNOWN_DEVICE",4,19,True,"{""ts"": 55072, ""raw"": 19, ""state"": ""WET"", ""sensorId"": 4, ""mqtt_topic"": ""waterlevel/sensors/4/state"", ""received_ts"": 1773654412430}"
325,"2026-03-16 09:47:11.561+00","1773654431561","waterlevel/sensors/4/state","UNKNOWN_DEVICE",4,23,False,"{""ts"": 74272, ""raw"": 23, ""state"": ""DRY"", ""sensorId"": 4, ""mqtt_topic"": ""waterlevel/sensors/4/state"", ""received_ts"": 1773654431561}"
326,"2026-03-16 09:47:11.559+00","1773654431559","waterlevel/sensors/5/state","UNKNOWN_DEVICE",5,23,False,"{""ts"": 73972, ""raw"": 23, ""state"": ""DRY"", ""sensorId"": 5, ""mqtt_topic"": ""waterlevel/sensors/5/state"", ""received_ts"": 1773654431559}"
327,"2026-03-16 09:47:59.964+00","1773654479964","waterlevel/sensors/5/state","UNKNOWN_DEVICE",5,19,True,"{""ts"": 122472, ""raw"": 19, ""state"": ""WET"", ""sensorId"": 5, ""mqtt_topic"": ""waterlevel/sensors/5/state"", ""received_ts"": 1773654479964}"
328,"2026-03-16 09:47:59.963+00","1773654479963","waterlevel/sensors/4/state","UNKNOWN_DEVICE",4,19,True,"{""ts"": 122672, ""raw"": 19, ""state"": ""WET"", ""sensorId"": 4, ""mqtt_topic"": ""waterlevel/sensors/4/state"", ""received_ts"": 1773654479963}"
329,"2026-03-16 09:48:57.981+00","1773654537981","waterlevel/sensors/5/state","UNKNOWN_DEVICE",5,22,False,"{""ts"": 180772, ""raw"": 22, ""state"": ""DRY"", ""sensorId"": 5, ""mqtt_topic"": ""waterlevel/sensors/5/state"", ""received_ts"": 1773654537981}"
330,"2026-03-16 09:48:57.983+00","1773654537983","waterlevel/sensors/4/state","UNKNOWN_DEVICE",4,22,False,"{""ts"": 180573, ""raw"": 22, ""state"": ""DRY"", ""sensorId"": 4, ""mqtt_topic"": ""waterlevel/sensors/4/state"", ""received_ts"": 1773654537983}"
331,"2026-03-16 09:50:04.11+00","1773654604110","waterlevel/sensors/4/state","UNKNOWN_DEVICE",4,19,True,"{""ts"": 244672, ""raw"": 19, ""state"": ""WET"", ""sensorId"": 4, ""mqtt_topic"": ""waterlevel/sensors/4/state"", ""received_ts"": 1773654604110}"
332,"2026-03-16 09:50:04.111+00","1773654604111","waterlevel/sensors/5/state","UNKNOWN_DEVICE",5,19,True,"{""ts"": 244573, ""raw"": 19, ""state"": ""WET"", ""sensorId"": 5, ""mqtt_topic"": ""waterlevel/sensors/5/state"", ""received_ts"": 1773654604111}"
333,"2026-03-16 09:50:15.162+00","1773654615162","waterlevel/sensors/4/state","UNKNOWN_DEVICE",4,23,False,"{""ts"": 257872, ""raw"": 23, ""state"": ""DRY"", ""sensorId"": 4, ""mqtt_topic"": ""waterlevel/sensors/4/state"", ""received_ts"": 1773654615162}"
334,"2026-03-16 09:50:15.163+00","1773654615163","waterlevel/sensors/5/state","UNKNOWN_DEVICE",5,23,False,"{""ts"": 257972, ""raw"": 23, ""state"": ""DRY"", ""sensorId"": 5, ""mqtt_topic"": ""waterlevel/sensors/5/state"", ""received_ts"": 1773654615163}"
335,"2026-03-16 10:09:44.495+00","1773655784495","waterlevel/sensors/0/state","UNKNOWN_DEVICE",0,1365,True,"{""ts"": 1581442, ""raw"": 1365, ""state"": ""WET"", ""sensorId"": 0, ""mqtt_topic"": ""waterlevel/sensors/0/state"", ""received_ts"": 1773655784495}"
336,"2026-03-16 10:12:56.511+00","1773655976511","waterlevel/sensors/0/state","UNKNOWN_DEVICE",0,370,False,"{""ts"": 1773299, ""raw"": 370, ""state"": ""DRY"", ""sensorId"": 0, ""mqtt_topic"": ""waterlevel/sensors/0/state"", ""received_ts"": 1773655976511}"
337,"2026-03-16 10:12:59.544+00","1773655979544","waterlevel/sensors/0/state","UNKNOWN_DEVICE",0,832,True,"{""ts"": 1776348, ""raw"": 832, ""state"": ""WET"", ""sensorId"": 0, ""mqtt_topic"": ""waterlevel/sensors/0/state"", ""received_ts"": 1773655979544}"
338,"2026-03-16 10:13:01.427+00","1773655981427","waterlevel/sensors/0/state","UNKNOWN_DEVICE",0,78,False,"{""ts"": 1778382, ""raw"": 78, ""state"": ""DRY"", ""sensorId"": 0, ""mqtt_topic"": ""waterlevel/sensors/0/state"", ""received_ts"": 1773655981427}"
339,"2026-03-16 10:13:06.51+00","1773655986510","waterlevel/sensors/0/state","UNKNOWN_DEVICE",0,709,True,"{""ts"": 1783465, ""raw"": 709, ""state"": ""WET"", ""sensorId"": 0, ""mqtt_topic"": ""waterlevel/sensors/0/state"", ""received_ts"": 1773655986510}"
340,"2026-03-16 10:13:08.787+00","1773655988787","waterlevel/sensors/0/state","UNKNOWN_DEVICE",0,76,False,"{""ts"": 1785500, ""raw"": 76, ""state"": ""DRY"", ""sensorId"": 0, ""mqtt_topic"": ""waterlevel/sensors/0/state"", ""received_ts"": 1773655988787}"
341,"2026-03-16 10:13:31.287+00","1773656011287","waterlevel/sensors/4/state","UNKNOWN_DEVICE",4,19,True,"{""ts"": 1654484, ""raw"": 19, ""state"": ""WET"", ""sensorId"": 4, ""mqtt_topic"": ""waterlevel/sensors/4/state"", ""received_ts"": 1773656011287}"
342,"2026-03-16 10:13:31.288+00","1773656011288","waterlevel/sensors/5/state","UNKNOWN_DEVICE",5,20,True,"{""ts"": 1654583, ""raw"": 20, ""state"": ""WET"", ""sensorId"": 5, ""mqtt_topic"": ""waterlevel/sensors/5/state"", ""received_ts"": 1773656011288}"
343,"2026-03-16 10:13:49.522+00","1773656029522","waterlevel/sensors/5/state","UNKNOWN_DEVICE",5,23,False,"{""ts"": 1672683, ""raw"": 23, ""state"": ""DRY"", ""sensorId"": 5, ""mqtt_topic"": ""waterlevel/sensors/5/state"", ""received_ts"": 1773656029522}"
344,"2026-03-16 10:13:49.523+00","1773656029523","waterlevel/sensors/4/state","UNKNOWN_DEVICE",4,22,False,"{""ts"": 1672784, ""raw"": 22, ""state"": ""DRY"", ""sensorId"": 4, ""mqtt_topic"": ""waterlevel/sensors/4/state"", ""received_ts"": 1773656029523}"
